comp__id,comp,circle_id,circle,div_id,division,subdiv_id,subdivision,pss_id,pss
N,NBPDCL,NC01,BEGUSARAI,ND001,BARAUNI,NSD0001,BACHHWARA,NP00001,BACHHWARA
N,NBPDCL,NC01,BEGUSARAI,ND001,BARAUNI,NSD0001,BACHHWARA,NP00002,CHAMTHA
N,NBPDCL,NC01,BEGUSARAI,ND001,BARAUNI,NSD0001,BACHHWARA,NP00003,BHARAUL
N,NBPDCL,NC01,BEGUSARAI,ND001,BARAUNI,NSD0001,BACHHWARA,NP00004,MANSOORCHAK
N,NBPDCL,NC01,BEGUSARAI,ND001,BARAUNI,NSD0001,BACHHWARA,NP00005,TEGHRA
N,NBPDCL,NC01,BEGUSARAI,ND001,BARAUNI,NSD0001,BACHHWARA,NP00006,BANWARIPUR
N,NBPDCL,NC01,BEGUSARAI,ND001,BARAUNI,NSD0002,BARAUNI,NP00007,SIMARIYA
N,NBPDCL,NC01,BEGUSARAI,ND001,BARAUNI,NSD0002,BARAUNI,NP00008,BHAGWANPUR
N,NBPDCL,NC01,BEGUSARAI,ND001,BARAUNI,NSD0002,BARAUNI,NP00009,BAGHRAHADIH
N,NBPDCL,NC01,BEGUSARAI,ND001,BARAUNI,NSD0002,BARAUNI,NP00010,MINAPUR
N,NBPDCL,NC01,BEGUSARAI,ND001,BARAUNI,NSD0002,BARAUNI,NP00011,ZERO MILE
N,NBPDCL,NC01,BEGUSARAI,ND001,BARAUNI,NSD0002,BARAUNI,NP00012,BIRPUR
N,NBPDCL,NC01,BEGUSARAI,ND001,BARAUNI,NSD0002,BARAUNI,NP00013,CHAKIYA (BTPS)
N,NBPDCL,NC01,BEGUSARAI,ND001,BARAUNI,NSD0002,BARAUNI,NP00014,DEONA
N,NBPDCL,NC01,BEGUSARAI,ND002,BEGUSARAI,NSD0003,BALIA,NP00015,BALIA
N,NBPDCL,NC01,BEGUSARAI,ND002,BEGUSARAI,NSD0003,BALIA,NP00016,DANDARI (MOHANPUR)
N,NBPDCL,NC01,BEGUSARAI,ND002,BEGUSARAI,NSD0003,BALIA,NP00017,SAHEBPUR KAMAL
N,NBPDCL,NC01,BEGUSARAI,ND002,BEGUSARAI,NSD0004,BEGUSARAI,NP00018,POWER HOUSE
N,NBPDCL,NC01,BEGUSARAI,ND002,BEGUSARAI,NSD0004,BEGUSARAI,NP00019,CIRCUIT HOUSE
N,NBPDCL,NC01,BEGUSARAI,ND002,BEGUSARAI,NSD0004,BEGUSARAI,NP00020,BABHANGAMA
N,NBPDCL,NC01,BEGUSARAI,ND002,BEGUSARAI,NSD0004,BEGUSARAI,NP00021,LAKHO
N,NBPDCL,NC01,BEGUSARAI,ND002,BEGUSARAI,NSD0004,BEGUSARAI,NP00022,MATIHANIBGS
N,NBPDCL,NC01,BEGUSARAI,ND002,BEGUSARAI,NSD0005,MANJHAUL,NP00023,BAKHRI
N,NBPDCL,NC01,BEGUSARAI,ND002,BEGUSARAI,NSD0005,MANJHAUL,NP00024,CHAKHAMID
N,NBPDCL,NC01,BEGUSARAI,ND002,BEGUSARAI,NSD0005,MANJHAUL,NP00025,CHAURAHI
N,NBPDCL,NC01,BEGUSARAI,ND002,BEGUSARAI,NSD0005,MANJHAUL,NP00026,GADHPURA
N,NBPDCL,NC01,BEGUSARAI,ND002,BEGUSARAI,NSD0005,MANJHAUL,NP00027,KHODAWANPUR
N,NBPDCL,NC01,BEGUSARAI,ND002,BEGUSARAI,NSD0005,MANJHAUL,NP00028,MANJHAUL
N,NBPDCL,NC01,BEGUSARAI,ND002,BEGUSARAI,NSD0005,MANJHAUL,NP00029,NAWKOTHI
N,NBPDCL,NC01,BEGUSARAI,ND003,KHAGARIA,NSD0006,GOGRI,NP00030,SAKROHAR
N,NBPDCL,NC01,BEGUSARAI,ND003,KHAGARIA,NSD0006,GOGRI,NP00031,MAHESHKHUNT
N,NBPDCL,NC01,BEGUSARAI,ND003,KHAGARIA,NSD0006,GOGRI,NP00032,PAIKANT
N,NBPDCL,NC01,BEGUSARAI,ND003,KHAGARIA,NSD0006,GOGRI,NP00033,SIRNIA
N,NBPDCL,NC01,BEGUSARAI,ND003,KHAGARIA,NSD0006,GOGRI,NP00034,BHARATKHAND
N,NBPDCL,NC01,BEGUSARAI,ND003,KHAGARIA,NSD0006,GOGRI,NP00035,JHANJHRA
N,NBPDCL,NC01,BEGUSARAI,ND003,KHAGARIA,NSD0006,GOGRI,NP00036,PARBATTA (KARNA)
N,NBPDCL,NC01,BEGUSARAI,ND003,KHAGARIA,NSD0007,KHAGARIYA (R),NP00037,ALOULI
N,NBPDCL,NC01,BEGUSARAI,ND003,KHAGARIA,NSD0007,KHAGARIYA (R),NP00038,DUTAULI(MALPA)
N,NBPDCL,NC01,BEGUSARAI,ND003,KHAGARIA,NSD0007,KHAGARIYA (R),NP00039,CHAUTHAM
N,NBPDCL,NC01,BEGUSARAI,ND003,KHAGARIA,NSD0007,KHAGARIYA (R),NP00040,HARIPUR
N,NBPDCL,NC01,BEGUSARAI,ND003,KHAGARIA,NSD0007,KHAGARIYA (R),NP00041,BACHHOUTA
N,NBPDCL,NC01,BEGUSARAI,ND003,KHAGARIA,NSD0007,KHAGARIYA (R),NP00042,OLAPUR 1
N,NBPDCL,NC01,BEGUSARAI,ND003,KHAGARIA,NSD0007,KHAGARIYA (R),NP00043,MANSI
N,NBPDCL,NC01,BEGUSARAI,ND003,KHAGARIA,NSD0007,KHAGARIYA (R),NP00044,PANSALWA (BELDAUR)
N,NBPDCL,NC01,BEGUSARAI,ND003,KHAGARIA,NSD0008,KHAGARIYA (U),NP00045,KHAGARIA
N,NBPDCL,NC02,CHAPRA,ND004,CHAPRA EAST,NSD0009,MARHAURAH,NP00046,AMNOUR
N,NBPDCL,NC02,CHAPRA,ND004,CHAPRA EAST,NSD0009,MARHAURAH,NP00047,ISHUAPUR
N,NBPDCL,NC02,CHAPRA,ND004,CHAPRA EAST,NSD0009,MARHAURAH,NP00048,MARHAURAH
N,NBPDCL,NC02,CHAPRA,ND004,CHAPRA EAST,NSD0009,MARHAURAH,NP00049,POJHI KAPUR
N,NBPDCL,NC02,CHAPRA,ND004,CHAPRA EAST,NSD0009,MARHAURAH,NP00050,NAYAGAON
N,NBPDCL,NC02,CHAPRA,ND004,CHAPRA EAST,NSD0009,MARHAURAH,NP00051,MASRAKH
N,NBPDCL,NC02,CHAPRA,ND004,CHAPRA EAST,NSD0009,MARHAURAH,NP00052,PANAPUR
N,NBPDCL,NC02,CHAPRA,ND004,CHAPRA EAST,NSD0009,MARHAURAH,NP00053,TARAIYA
N,NBPDCL,NC02,CHAPRA,ND004,CHAPRA EAST,NSD0009,MARHAURAH,NP00054,USARI BAZAR
N,NBPDCL,NC02,CHAPRA,ND004,CHAPRA EAST,NSD0010,SHEETALPUR,NP00055,AKILPUR
N,NBPDCL,NC02,CHAPRA,ND004,CHAPRA EAST,NSD0010,SHEETALPUR,NP00056,DERNI
N,NBPDCL,NC02,CHAPRA,ND004,CHAPRA EAST,NSD0011,SONPUR,NP00057,DARIYAPUR
N,NBPDCL,NC02,CHAPRA,ND004,CHAPRA EAST,NSD0011,SONPUR,NP00058,DIGHWARA
N,NBPDCL,NC02,CHAPRA,ND004,CHAPRA EAST,NSD0011,SONPUR,NP00059,JAITIYA
N,NBPDCL,NC02,CHAPRA,ND004,CHAPRA EAST,NSD0011,SONPUR,NP00060,MAKER
N,NBPDCL,NC02,CHAPRA,ND004,CHAPRA EAST,NSD0011,SONPUR,NP00061,BHELDI
N,NBPDCL,NC02,CHAPRA,ND004,CHAPRA EAST,NSD0011,SONPUR,NP00062,PARSA
N,NBPDCL,NC02,CHAPRA,ND004,CHAPRA EAST,NSD0011,SONPUR,NP00063,SITALPUR
N,NBPDCL,NC02,CHAPRA,ND004,CHAPRA EAST,NSD0011,SONPUR,NP00064,SONEPUR
N,NBPDCL,NC02,CHAPRA,ND005,CHAPRA WEST,NSD0012,BANIYAPUR,NP00065,BANIYAPUR
N,NBPDCL,NC02,CHAPRA,ND005,CHAPRA WEST,NSD0012,BANIYAPUR,NP00066,HARPUR
N,NBPDCL,NC02,CHAPRA,ND005,CHAPRA WEST,NSD0012,BANIYAPUR,NP00067,CHATRA (JALALPUR)
N,NBPDCL,NC02,CHAPRA,ND005,CHAPRA WEST,NSD0012,BANIYAPUR,NP00068,LAHLADPUR
N,NBPDCL,NC02,CHAPRA,ND005,CHAPRA WEST,NSD0012,BANIYAPUR,NP00069,NAGRA
N,NBPDCL,NC02,CHAPRA,ND005,CHAPRA WEST,NSD0013,CHAPRA RURAL,NP00070,MOORA
N,NBPDCL,NC02,CHAPRA,ND005,CHAPRA WEST,NSD0013,CHAPRA RURAL,NP00071,PRABHUNATH NAGAR
N,NBPDCL,NC02,CHAPRA,ND005,CHAPRA WEST,NSD0013,CHAPRA RURAL,NP00072,KOHRA
N,NBPDCL,NC02,CHAPRA,ND005,CHAPRA WEST,NSD0013,CHAPRA RURAL,NP00073,DORIGANJ
N,NBPDCL,NC02,CHAPRA,ND005,CHAPRA WEST,NSD0013,CHAPRA RURAL,NP00074,EKMA
N,NBPDCL,NC02,CHAPRA,ND005,CHAPRA WEST,NSD0013,CHAPRA RURAL,NP00075,GARKHA
N,NBPDCL,NC02,CHAPRA,ND005,CHAPRA WEST,NSD0013,CHAPRA RURAL,NP00076,MANJHI
N,NBPDCL,NC02,CHAPRA,ND005,CHAPRA WEST,NSD0013,CHAPRA RURAL,NP00077,REVELGANJ
N,NBPDCL,NC02,CHAPRA,ND005,CHAPRA WEST,NSD0014,CHHAPRA URBAN,NP00078,CIRCLE OFFICE
N,NBPDCL,NC02,CHAPRA,ND005,CHAPRA WEST,NSD0014,CHHAPRA URBAN,NP00079,RAJENDRA SAROVER
N,NBPDCL,NC02,CHAPRA,ND005,CHAPRA WEST,NSD0014,CHHAPRA URBAN,NP00080,TELPA
N,NBPDCL,NC02,CHAPRA,ND006,GOPALGANJ,NSD0015,BARAULI,NP00081,BAIKUNTHPUR
N,NBPDCL,NC02,CHAPRA,ND006,GOPALGANJ,NSD0015,BARAULI,NP00082,GAMHARI
N,NBPDCL,NC02,CHAPRA,ND006,GOPALGANJ,NSD0015,BARAULI,NP00083,BARAULI
N,NBPDCL,NC02,CHAPRA,ND006,GOPALGANJ,NSD0015,BARAULI,NP00084,BAKHRAUR
N,NBPDCL,NC02,CHAPRA,ND006,GOPALGANJ,NSD0015,BARAULI,NP00085,JHAJHWA
N,NBPDCL,NC02,CHAPRA,ND006,GOPALGANJ,NSD0016,GOPALGANJ,NP00086,ARAR MORE
N,NBPDCL,NC02,CHAPRA,ND006,GOPALGANJ,NSD0016,GOPALGANJ,NP00087,HAJIAPUR
N,NBPDCL,NC02,CHAPRA,ND006,GOPALGANJ,NSD0016,GOPALGANJ,NP00088,MANJHA
N,NBPDCL,NC02,CHAPRA,ND006,GOPALGANJ,NSD0016,GOPALGANJ,NP00089,JAGMALWA/THAWE
N,NBPDCL,NC02,CHAPRA,ND006,GOPALGANJ,NSD0017,MIRGANJ,NP00090,PHULWARIYA
N,NBPDCL,NC02,CHAPRA,ND006,GOPALGANJ,NSD0017,MIRGANJ,NP00091,HATHUA
N,NBPDCL,NC02,CHAPRA,ND006,GOPALGANJ,NSD0017,MIRGANJ,NP00092,MIRGANJ
N,NBPDCL,NC02,CHAPRA,ND006,GOPALGANJ,NSD0017,MIRGANJ,NP00093,BASDILA
N,NBPDCL,NC02,CHAPRA,ND006,GOPALGANJ,NSD0017,MIRGANJ,NP00094,TELIYABANDH
N,NBPDCL,NC02,CHAPRA,ND007,MAHARAJGANJ,NSD0018,BASANTPUR,NP00095,DUMARA
N,NBPDCL,NC02,CHAPRA,ND007,MAHARAJGANJ,NSD0019,MAHARAJGANJ,NP00096,BASANTPUR
N,NBPDCL,NC02,CHAPRA,ND007,MAHARAJGANJ,NSD0019,MAHARAJGANJ,NP00097,BHAGWANPURSIWAN
N,NBPDCL,NC02,CHAPRA,ND007,MAHARAJGANJ,NSD0019,MAHARAJGANJ,NP00098,SARAI PARAULI
N,NBPDCL,NC02,CHAPRA,ND007,MAHARAJGANJ,NSD0019,MAHARAJGANJ,NP00099,DURAUNDHA
N,NBPDCL,NC02,CHAPRA,ND007,MAHARAJGANJ,NSD0019,MAHARAJGANJ,NP00100,GORIYAKOTHI
N,NBPDCL,NC02,CHAPRA,ND007,MAHARAJGANJ,NSD0019,MAHARAJGANJ,NP00101,JALALPUR
N,NBPDCL,NC02,CHAPRA,ND007,MAHARAJGANJ,NSD0019,MAHARAJGANJ,NP00102,LAKRI NAVIGANJ
N,NBPDCL,NC02,CHAPRA,ND007,MAHARAJGANJ,NSD0019,MAHARAJGANJ,NP00103,MAHARAJGANJ
N,NBPDCL,NC02,CHAPRA,ND007,MAHARAJGANJ,NSD0019,MAHARAJGANJ,NP00104,RISAURA
N,NBPDCL,NC02,CHAPRA,ND007,MAHARAJGANJ,NSD0020,PACHRUKHI,NP00105,BARHARIYA
N,NBPDCL,NC02,CHAPRA,ND007,MAHARAJGANJ,NSD0020,PACHRUKHI,NP00106,KAILGARH
N,NBPDCL,NC02,CHAPRA,ND007,MAHARAJGANJ,NSD0020,PACHRUKHI,NP00107,PACHRUKHI
N,NBPDCL,NC02,CHAPRA,ND007,MAHARAJGANJ,NSD0020,PACHRUKHI,NP00108,SISWA PACHRUKHI
N,NBPDCL,NC02,CHAPRA,ND008,MIRGANJ,NSD0021,KUCHAIKOT,NP00109,HUSSEPUR
N,NBPDCL,NC02,CHAPRA,ND008,MIRGANJ,NSD0021,KUCHAIKOT,NP00110,KATAIYA
N,NBPDCL,NC02,CHAPRA,ND008,MIRGANJ,NSD0021,KUCHAIKOT,NP00111,MUSHAHRI
N,NBPDCL,NC02,CHAPRA,ND008,MIRGANJ,NSD0021,KUCHAIKOT,NP00112,PATTICHAKKARGOPI
N,NBPDCL,NC02,CHAPRA,ND008,MIRGANJ,NSD0021,KUCHAIKOT,NP00113,KUCHAIKOTE
N,NBPDCL,NC02,CHAPRA,ND008,MIRGANJ,NSD0021,KUCHAIKOT,NP00114,PANCHDEORI
N,NBPDCL,NC02,CHAPRA,ND008,MIRGANJ,NSD0021,KUCHAIKOT,NP00115,CHAILWA
N,NBPDCL,NC02,CHAPRA,ND008,MIRGANJ,NSD0021,KUCHAIKOT,NP00116,VIJAIPUR
N,NBPDCL,NC02,CHAPRA,ND008,MIRGANJ,NSD0017,MIRGANJ,NP00117,MIRZAPUR
N,NBPDCL,NC02,CHAPRA,ND008,MIRGANJ,NSD0017,MIRGANJ,NP00118,SOHAGPUR
N,NBPDCL,NC02,CHAPRA,ND008,MIRGANJ,NSD0017,MIRGANJ,NP00119,BADARZIMI
N,NBPDCL,NC02,CHAPRA,ND008,MIRGANJ,NSD0017,MIRGANJ,NP00120,SANKHEKHAS
N,NBPDCL,NC02,CHAPRA,ND009,SIWAN,NSD0022,MAIRWA,NP00121,DARAULLI
N,NBPDCL,NC02,CHAPRA,ND009,SIWAN,NSD0022,MAIRWA,NP00122,GUTHANI
N,NBPDCL,NC02,CHAPRA,ND009,SIWAN,NSD0022,MAIRWA,NP00123,BARKA MANJHA
N,NBPDCL,NC02,CHAPRA,ND009,SIWAN,NSD0022,MAIRWA,NP00124,HATHAUJI
N,NBPDCL,NC02,CHAPRA,ND009,SIWAN,NSD0022,MAIRWA,NP00125,MAIRWA
N,NBPDCL,NC02,CHAPRA,ND009,SIWAN,NSD0022,MAIRWA,NP00126,NAUTAN
N,NBPDCL,NC02,CHAPRA,ND009,SIWAN,NSD0022,MAIRWA,NP00127,TITRA
N,NBPDCL,NC02,CHAPRA,ND009,SIWAN,NSD0023,SIWAN RURAL,NP00128,CHAINPUR
N,NBPDCL,NC02,CHAPRA,ND009,SIWAN,NSD0023,SIWAN RURAL,NP00129,KARHANU
N,NBPDCL,NC02,CHAPRA,ND009,SIWAN,NSD0023,SIWAN RURAL,NP00130,HASANPURA
N,NBPDCL,NC02,CHAPRA,ND009,SIWAN,NSD0023,SIWAN RURAL,NP00131,ANDER ( MIRPUR)
N,NBPDCL,NC02,CHAPRA,ND009,SIWAN,NSD0023,SIWAN RURAL,NP00132,RAGHUNATHPUR
N,NBPDCL,NC02,CHAPRA,ND009,SIWAN,NSD0023,SIWAN RURAL,NP00133,BINDUSAR PSS
N,NBPDCL,NC02,CHAPRA,ND009,SIWAN,NSD0023,SIWAN RURAL,NP00134,SRINAGAR
N,NBPDCL,NC02,CHAPRA,ND009,SIWAN,NSD0023,SIWAN RURAL,NP00135,ZIRADEI (SANTU BANTHU)
N,NBPDCL,NC02,CHAPRA,ND009,SIWAN,NSD0024,SIWAN URBAN,NP00136,SIWAN NEW
N,NBPDCL,NC02,CHAPRA,ND009,SIWAN,NSD0024,SIWAN URBAN,NP00137,SIWAN OLD
N,NBPDCL,NC02,CHAPRA,ND009,SIWAN,NSD0024,SIWAN URBAN,NP00138,RAMNAGAR
N,NBPDCL,NC03,DARBHANGA,ND010,BENIPUR,NSD0025,BENIPUR,NP00139,ALINAGAR
N,NBPDCL,NC03,DARBHANGA,ND010,BENIPUR,NSD0025,BENIPUR,NP00140,BENIPUR
N,NBPDCL,NC03,DARBHANGA,ND010,BENIPUR,NSD0025,BENIPUR,NP00141,BENIPUR NEW / BAHERA
N,NBPDCL,NC03,DARBHANGA,ND010,BENIPUR,NSD0025,BENIPUR,NP00142,SRI RAMPUR (HARIPUR)
N,NBPDCL,NC03,DARBHANGA,ND010,BENIPUR,NSD0025,BENIPUR,NP00143,GHANSHYAMPUR
N,NBPDCL,NC03,DARBHANGA,ND010,BENIPUR,NSD0025,BENIPUR,NP00144,KEERATPUR/ JAMALPUR
N,NBPDCL,NC03,DARBHANGA,ND010,BENIPUR,NSD0026,BIRAUL,NP00145,BIRAUL
N,NBPDCL,NC03,DARBHANGA,ND010,BENIPUR,NSD0026,BIRAUL,NP00146,ITWA SHIV NAGAR
N,NBPDCL,NC03,DARBHANGA,ND010,BENIPUR,NSD0026,BIRAUL,NP00147,PATANIA
N,NBPDCL,NC03,DARBHANGA,ND010,BENIPUR,NSD0026,BIRAUL,NP00148,GAURABAURAM
N,NBPDCL,NC03,DARBHANGA,ND010,BENIPUR,NSD0026,BIRAUL,NP00149,KUSESWERSTAN
N,NBPDCL,NC03,DARBHANGA,ND010,BENIPUR,NSD0026,BIRAUL,NP00150,KUSHESHWARSTHAN/SOHARBAGHAT
N,NBPDCL,NC03,DARBHANGA,ND010,BENIPUR,NSD0027,SAKRI,NP00151,MAUBEHAT NEW
N,NBPDCL,NC03,DARBHANGA,ND010,BENIPUR,NSD0027,SAKRI,NP00152,MANIGACHI
N,NBPDCL,NC03,DARBHANGA,ND010,BENIPUR,NSD0027,SAKRI,NP00153,SAKRI
N,NBPDCL,NC03,DARBHANGA,ND010,BENIPUR,NSD0027,SAKRI,NP00154,TARDIH
N,NBPDCL,NC03,DARBHANGA,ND010,BENIPUR,NSD0027,SAKRI,NP00155,THINGAHA
N,NBPDCL,NC03,DARBHANGA,ND011,DARBHANGA RURAL,NSD0028,BAHERI,NP00156,GOSHRAMA
N,NBPDCL,NC03,DARBHANGA,ND011,DARBHANGA RURAL,NSD0028,BAHERI,NP00157,HAYAGHAT
N,NBPDCL,NC03,DARBHANGA,ND011,DARBHANGA RURAL,NSD0029,DARBHANGA RURAL,NP00158,FEKALA
N,NBPDCL,NC03,DARBHANGA,ND011,DARBHANGA RURAL,NSD0029,DARBHANGA RURAL,NP00159,SAIDNAGAR / TARLAHI
N,NBPDCL,NC03,DARBHANGA,ND011,DARBHANGA RURAL,NSD0029,DARBHANGA RURAL,NP00160,ATHAR
N,NBPDCL,NC03,DARBHANGA,ND011,DARBHANGA RURAL,NSD0029,DARBHANGA RURAL,NP00161,BAHERI
N,NBPDCL,NC03,DARBHANGA,ND011,DARBHANGA RURAL,NSD0029,DARBHANGA RURAL,NP00162,GANGDAH
N,NBPDCL,NC03,DARBHANGA,ND011,DARBHANGA RURAL,NSD0029,DARBHANGA RURAL,NP00163,KHARUA
N,NBPDCL,NC03,DARBHANGA,ND011,DARBHANGA RURAL,NSD0029,DARBHANGA RURAL,NP00164,PORAIYA
N,NBPDCL,NC03,DARBHANGA,ND011,DARBHANGA RURAL,NSD0029,DARBHANGA RURAL,NP00165,HATHAURIDIH
N,NBPDCL,NC03,DARBHANGA,ND011,DARBHANGA RURAL,NSD0029,DARBHANGA RURAL,NP00166,ANAR
N,NBPDCL,NC03,DARBHANGA,ND011,DARBHANGA RURAL,NSD0029,DARBHANGA RURAL,NP00167,AHILYASTHAN
N,NBPDCL,NC03,DARBHANGA,ND011,DARBHANGA RURAL,NSD0029,DARBHANGA RURAL,NP00168,MURAITHA
N,NBPDCL,NC03,DARBHANGA,ND011,DARBHANGA RURAL,NSD0029,DARBHANGA RURAL,NP00169,RAIYAM
N,NBPDCL,NC03,DARBHANGA,ND011,DARBHANGA RURAL,NSD0029,DARBHANGA RURAL,NP00170,JALWARA
N,NBPDCL,NC03,DARBHANGA,ND011,DARBHANGA RURAL,NSD0029,DARBHANGA RURAL,NP00171,SIMRI
N,NBPDCL,NC03,DARBHANGA,ND011,DARBHANGA RURAL,NSD0030,GANGWARA,NP00172,GANGWARA
N,NBPDCL,NC03,DARBHANGA,ND011,DARBHANGA RURAL,NSD0030,GANGWARA,NP00173,JALLEY
N,NBPDCL,NC03,DARBHANGA,ND011,DARBHANGA RURAL,NSD0030,GANGWARA,NP00174,SANAHPURDIH
N,NBPDCL,NC03,DARBHANGA,ND011,DARBHANGA RURAL,NSD0030,GANGWARA,NP00175,SINGHWARA
N,NBPDCL,NC03,DARBHANGA,ND012,DARBHANGA URBAN,NSD0031,D.M.C.H,NP00176,D.M.C.H
N,NBPDCL,NC03,DARBHANGA,ND012,DARBHANGA URBAN,NSD0031,D.M.C.H,NP00177,DONAR
N,NBPDCL,NC03,DARBHANGA,ND012,DARBHANGA URBAN,NSD0031,D.M.C.H,NP00178,JAIL
N,NBPDCL,NC03,DARBHANGA,ND012,DARBHANGA URBAN,NSD0031,D.M.C.H,NP00179,PANDASARAI
N,NBPDCL,NC03,DARBHANGA,ND012,DARBHANGA URBAN,NSD0032,DARBHANGA URBAN,NP00180,BELA
N,NBPDCL,NC03,DARBHANGA,ND012,DARBHANGA URBAN,NSD0032,DARBHANGA URBAN,NP00181,DARBHANGA URBAN
N,NBPDCL,NC03,DARBHANGA,ND012,DARBHANGA URBAN,NSD0032,DARBHANGA URBAN,NP00182,LALBAG
N,NBPDCL,NC03,DARBHANGA,ND012,DARBHANGA URBAN,NSD0032,DARBHANGA URBAN,NP00183,AREA BOARD
N,NBPDCL,NC03,DARBHANGA,ND012,DARBHANGA URBAN,NSD0033,LAHERIASARAI,NP00184,BENGALITOLA
N,NBPDCL,NC03,DARBHANGA,ND012,DARBHANGA URBAN,NSD0033,LAHERIASARAI,NP00185,LAXMISAGAR
N,NBPDCL,NC03,DARBHANGA,ND013,JAYNAGAR,NSD0034,BABUBARHI,NP00186,BARUAR
N,NBPDCL,NC03,DARBHANGA,ND013,JAYNAGAR,NSD0035,BASOPATTI,NP00187,PHULARHAR
N,NBPDCL,NC03,DARBHANGA,ND013,JAYNAGAR,NSD0036,BENIPATTI,NP00188,HARLAKHI (UMAGAON)
N,NBPDCL,NC03,DARBHANGA,ND013,JAYNAGAR,NSD0037,JAINAGAR,NP00189,BABUBARHI
N,NBPDCL,NC03,DARBHANGA,ND013,JAYNAGAR,NSD0037,JAINAGAR,NP00190,BASOPATTI
N,NBPDCL,NC03,DARBHANGA,ND013,JAYNAGAR,NSD0037,JAINAGAR,NP00191,IPDS JAINAGAR
N,NBPDCL,NC03,DARBHANGA,ND013,JAYNAGAR,NSD0037,JAINAGAR,NP00192,JAINAGAR
N,NBPDCL,NC03,DARBHANGA,ND013,JAYNAGAR,NSD0037,JAINAGAR,NP00193,KUADH JAINAGAR
N,NBPDCL,NC03,DARBHANGA,ND013,JAYNAGAR,NSD0037,JAINAGAR,NP00194,KARMAULI
N,NBPDCL,NC03,DARBHANGA,ND013,JAYNAGAR,NSD0037,JAINAGAR,NP00195,NARAR
N,NBPDCL,NC03,DARBHANGA,ND013,JAYNAGAR,NSD0037,JAINAGAR,NP00196,KHAJAULI
N,NBPDCL,NC03,DARBHANGA,ND013,JAYNAGAR,NSD0037,JAINAGAR,NP00197,LADHANIYA
N,NBPDCL,NC03,DARBHANGA,ND014,JHANJHARPUR,NSD0038,JHANJHARPUR,NP00198,RUDRAPUR
N,NBPDCL,NC03,DARBHANGA,ND014,JHANJHARPUR,NSD0038,JHANJHARPUR,NP00199,TULAPATGANJ
N,NBPDCL,NC03,DARBHANGA,ND014,JHANJHARPUR,NSD0038,JHANJHARPUR,NP00200,ANDRADARI
N,NBPDCL,NC03,DARBHANGA,ND014,JHANJHARPUR,NSD0038,JHANJHARPUR,NP00201,JHANJARPUR
N,NBPDCL,NC03,DARBHANGA,ND014,JHANJHARPUR,NSD0038,JHANJHARPUR,NP00202,JHANJHARPUR IPDS
N,NBPDCL,NC03,DARBHANGA,ND014,JHANJHARPUR,NSD0038,JHANJHARPUR,NP00203,LAKHANOUR
N,NBPDCL,NC03,DARBHANGA,ND014,JHANJHARPUR,NSD0038,JHANJHARPUR,NP00204,BHIT BHAGWANPUR
N,NBPDCL,NC03,DARBHANGA,ND014,JHANJHARPUR,NSD0038,JHANJHARPUR,NP00205,MADHEPUR
N,NBPDCL,NC03,DARBHANGA,ND014,JHANJHARPUR,NSD0038,JHANJHARPUR,NP00206,NARAYANPUR
N,NBPDCL,NC03,DARBHANGA,ND014,JHANJHARPUR,NSD0039,PHULPARAS,NP00207,DHUNKI
N,NBPDCL,NC03,DARBHANGA,ND014,JHANJHARPUR,NSD0039,PHULPARAS,NP00208,GHOGHARDIHA
N,NBPDCL,NC03,DARBHANGA,ND014,JHANJHARPUR,NSD0039,PHULPARAS,NP00209,KHUTAUNA
N,NBPDCL,NC03,DARBHANGA,ND014,JHANJHARPUR,NSD0039,PHULPARAS,NP00210,JARAULI
N,NBPDCL,NC03,DARBHANGA,ND014,JHANJHARPUR,NSD0039,PHULPARAS,NP00211,LAUKAHI
N,NBPDCL,NC03,DARBHANGA,ND014,JHANJHARPUR,NSD0039,PHULPARAS,NP00212,PHULPARASH
N,NBPDCL,NC03,DARBHANGA,ND014,JHANJHARPUR,NSD0039,PHULPARAS,NP00213,SANGI
N,NBPDCL,NC03,DARBHANGA,ND015,MADHUBANI,NSD0036,BENIPATTI,NP00214,BENIPATTI
N,NBPDCL,NC03,DARBHANGA,ND015,MADHUBANI,NSD0036,BENIPATTI,NP00215,BISFI
N,NBPDCL,NC03,DARBHANGA,ND015,MADHUBANI,NSD0036,BENIPATTI,NP00216,SOHARGART
N,NBPDCL,NC03,DARBHANGA,ND015,MADHUBANI,NSD0040,MADHUBANI,NP00217,LOHA
N,NBPDCL,NC03,DARBHANGA,ND015,MADHUBANI,NSD0040,MADHUBANI,NP00218,RAHIKA
N,NBPDCL,NC03,DARBHANGA,ND015,MADHUBANI,NSD0040,MADHUBANI,NP00219,MADHUBANI URBAN
N,NBPDCL,NC03,DARBHANGA,ND015,MADHUBANI,NSD0040,MADHUBANI,NP00220,PANDOUL
N,NBPDCL,NC03,DARBHANGA,ND015,MADHUBANI,NSD0040,MADHUBANI,NP00221,CHAKDAH
N,NBPDCL,NC03,DARBHANGA,ND015,MADHUBANI,NSD0040,MADHUBANI,NP00222,KARAHIYA
N,NBPDCL,NC03,DARBHANGA,ND015,MADHUBANI,NSD0040,MADHUBANI,NP00223,RAJNAGAR
N,NBPDCL,NC03,DARBHANGA,ND015,MADHUBANI,NSD0040,MADHUBANI,NP00224,RAMPATTI
N,NBPDCL,NC03,DARBHANGA,ND015,MADHUBANI,NSD0040,MADHUBANI,NP00225,NAHAR
N,NBPDCL,NC04,KISHANGANJ,ND016,ARARIA,NSD0041,ARARIA,NP00226,ARARIA TOWN
N,NBPDCL,NC04,KISHANGANJ,ND016,ARARIA,NSD0041,ARARIA,NP00227,KUSIYARGAWN
N,NBPDCL,NC04,KISHANGANJ,ND016,ARARIA,NSD0041,ARARIA,NP00228,ARARIA ARS
N,NBPDCL,NC04,KISHANGANJ,ND016,ARARIA,NSD0041,ARARIA,NP00229,BOCHI
N,NBPDCL,NC04,KISHANGANJ,ND016,ARARIA,NSD0041,ARARIA,NP00230,GUNWANTI
N,NBPDCL,NC04,KISHANGANJ,ND016,ARARIA,NSD0041,ARARIA,NP00231,DIGLI
N,NBPDCL,NC04,KISHANGANJ,ND016,ARARIA,NSD0041,ARARIA,NP00232,KALABALUA
N,NBPDCL,NC04,KISHANGANJ,ND016,ARARIA,NSD0041,ARARIA,NP00233,RANIGANJ
N,NBPDCL,NC04,KISHANGANJ,ND016,ARARIA,NSD0042,JOKIHAT,NP00234,DIGHLI
N,NBPDCL,NC04,KISHANGANJ,ND016,ARARIA,NSD0042,JOKIHAT,NP00235,JOKIHAT
N,NBPDCL,NC04,KISHANGANJ,ND016,ARARIA,NSD0042,JOKIHAT,NP00236,MAHALGAON
N,NBPDCL,NC04,KISHANGANJ,ND016,ARARIA,NSD0042,JOKIHAT,NP00237,PALASI
N,NBPDCL,NC04,KISHANGANJ,ND016,ARARIA,NSD0042,JOKIHAT,NP00238,SIKTI
N,NBPDCL,NC04,KISHANGANJ,ND016,ARARIA,NSD0043,RANIGANJ,NP00239,KHAJURI
N,NBPDCL,NC04,KISHANGANJ,ND017,BAHADURGANJ,NSD0044,BAHADURGANJ,NP00240,ALTABARI
N,NBPDCL,NC04,KISHANGANJ,ND017,BAHADURGANJ,NSD0044,BAHADURGANJ,NP00241,BAHADURGANJ
N,NBPDCL,NC04,KISHANGANJ,ND017,BAHADURGANJ,NSD0044,BAHADURGANJ,NP00242,BAHADURGANJ NEW
N,NBPDCL,NC04,KISHANGANJ,ND017,BAHADURGANJ,NSD0044,BAHADURGANJ,NP00243,DIGHALBANK
N,NBPDCL,NC04,KISHANGANJ,ND017,BAHADURGANJ,NSD0044,BAHADURGANJ,NP00244,PATHARGHATTI
N,NBPDCL,NC04,KISHANGANJ,ND017,BAHADURGANJ,NSD0044,BAHADURGANJ,NP00245,TERAGACHH
N,NBPDCL,NC04,KISHANGANJ,ND017,BAHADURGANJ,NSD0045,THAKURGANJ,NP00246,CHHATTARGACHH
N,NBPDCL,NC04,KISHANGANJ,ND017,BAHADURGANJ,NSD0045,THAKURGANJ,NP00247,CHURLI
N,NBPDCL,NC04,KISHANGANJ,ND017,BAHADURGANJ,NSD0045,THAKURGANJ,NP00248,FALA
N,NBPDCL,NC04,KISHANGANJ,ND017,BAHADURGANJ,NSD0045,THAKURGANJ,NP00249,POTHIA
N,NBPDCL,NC04,KISHANGANJ,ND017,BAHADURGANJ,NSD0045,THAKURGANJ,NP00250,POWAKHALI
N,NBPDCL,NC04,KISHANGANJ,ND017,BAHADURGANJ,NSD0045,THAKURGANJ,NP00251,THAKURGANJ IPDS
N,NBPDCL,NC04,KISHANGANJ,ND017,BAHADURGANJ,NSD0045,THAKURGANJ,NP00252,THAKURGANJ
N,NBPDCL,NC04,KISHANGANJ,ND018,FORBESGANJ,NSD0046,FORBESGANJ,NP00253,AURAHI
N,NBPDCL,NC04,KISHANGANJ,ND018,FORBESGANJ,NSD0046,FORBESGANJ,NP00254,BHARGAMA
N,NBPDCL,NC04,KISHANGANJ,ND018,FORBESGANJ,NSD0046,FORBESGANJ,NP00255,RAMAI
N,NBPDCL,NC04,KISHANGANJ,ND018,FORBESGANJ,NSD0046,FORBESGANJ,NP00256,DHOLBAJJA
N,NBPDCL,NC04,KISHANGANJ,ND018,FORBESGANJ,NSD0046,FORBESGANJ,NP00257,FORBISGANJ
N,NBPDCL,NC04,KISHANGANJ,ND018,FORBESGANJ,NSD0046,FORBESGANJ,NP00258,GHURNA
N,NBPDCL,NC04,KISHANGANJ,ND018,FORBESGANJ,NSD0046,FORBESGANJ,NP00259,JOGBANI
N,NBPDCL,NC04,KISHANGANJ,ND018,FORBESGANJ,NSD0046,FORBESGANJ,NP00260,BATHANAHA
N,NBPDCL,NC04,KISHANGANJ,ND018,FORBESGANJ,NSD0046,FORBESGANJ,NP00261,KURSKANTA
N,NBPDCL,NC04,KISHANGANJ,ND018,FORBESGANJ,NSD0046,FORBESGANJ,NP00262,NARPATGANJ
N,NBPDCL,NC04,KISHANGANJ,ND019,KISHANGANJ,NSD0047,KISHANGANJ,NP00263,BELWAKASHIMPUR
N,NBPDCL,NC04,KISHANGANJ,ND019,KISHANGANJ,NSD0047,KISHANGANJ,NP00264,BISHANPUR
N,NBPDCL,NC04,KISHANGANJ,ND019,KISHANGANJ,NSD0047,KISHANGANJ,NP00265,DALKOLA
N,NBPDCL,NC04,KISHANGANJ,ND019,KISHANGANJ,NSD0047,KISHANGANJ,NP00266,PACHHIMPALI
N,NBPDCL,NC04,KISHANGANJ,ND019,KISHANGANJ,NSD0047,KISHANGANJ,NP00267,PURABPALI
N,NBPDCL,NC04,KISHANGANJ,ND019,KISHANGANJ,NSD0047,KISHANGANJ,NP00268,BASANTPUR MILK
N,NBPDCL,NC04,KISHANGANJ,ND019,KISHANGANJ,NSD0047,KISHANGANJ,NP00269,FARINGOLA
N,NBPDCL,NC04,KISHANGANJ,ND019,KISHANGANJ,NSD0047,KISHANGANJ,NP00270,KOCHADHAMAN
N,NBPDCL,NC04,KISHANGANJ,ND019,KISHANGANJ,NSD0047,KISHANGANJ,NP00271,MODHO
N,NBPDCL,NC05,MOTIHARI,ND020,BAGAHA,NSD0048,BAGAHA,NP00272,BAGAHA
N,NBPDCL,NC05,MOTIHARI,ND020,BAGAHA,NSD0048,BAGAHA,NP00273,KUMIYA BISHANPURA
N,NBPDCL,NC05,MOTIHARI,ND020,BAGAHA,NSD0048,BAGAHA,NP00274,BHITAHA
N,NBPDCL,NC05,MOTIHARI,ND020,BAGAHA,NSD0048,BAGAHA,NP00275,THAKRAHA
N,NBPDCL,NC05,MOTIHARI,ND020,BAGAHA,NSD0048,BAGAHA,NP00276,CHAUTARWA
N,NBPDCL,NC05,MOTIHARI,ND020,BAGAHA,NSD0048,BAGAHA,NP00277,PIPRASI
N,NBPDCL,NC05,MOTIHARI,ND020,BAGAHA,NSD0048,BAGAHA,NP00278,VALMIKINAGAR
N,NBPDCL,NC05,MOTIHARI,ND020,BAGAHA,NSD0040,MADHUBANI,NP00279,MADHUBANI
N,NBPDCL,NC05,MOTIHARI,ND020,BAGAHA,NSD0049,RAMNAGAR,NP00280,LAURIA
N,NBPDCL,NC05,MOTIHARI,ND020,BAGAHA,NSD0049,RAMNAGAR,NP00281,BAKHWA
N,NBPDCL,NC05,MOTIHARI,ND020,BAGAHA,NSD0049,RAMNAGAR,NP00282,MUJARA
N,NBPDCL,NC05,MOTIHARI,ND021,BETTIAH,NSD0050,BETTIAH,NP00283,MONSATOLA
N,NBPDCL,NC05,MOTIHARI,ND021,BETTIAH,NSD0050,BETTIAH,NP00284,NAURANGABAD
N,NBPDCL,NC05,MOTIHARI,ND021,BETTIAH,NSD0050,BETTIAH,NP00285,KUMARBAGH
N,NBPDCL,NC05,MOTIHARI,ND021,BETTIAH,NSD0050,BETTIAH,NP00286,YOGAPATTI
N,NBPDCL,NC05,MOTIHARI,ND021,BETTIAH,NSD0050,BETTIAH,NP00287,JAGDISHPURBETTIAH
N,NBPDCL,NC05,MOTIHARI,ND021,BETTIAH,NSD0050,BETTIAH,NP00288,DHOKRAHA
N,NBPDCL,NC05,MOTIHARI,ND021,BETTIAH,NSD0050,BETTIAH,NP00289,MADHOPUR
N,NBPDCL,NC05,MOTIHARI,ND021,BETTIAH,NSD0051,CHANPATIA,NP00290,BAIRIYA
N,NBPDCL,NC05,MOTIHARI,ND021,BETTIAH,NSD0051,CHANPATIA,NP00291,BELDIHA (SISWA BHUMIAR)
N,NBPDCL,NC05,MOTIHARI,ND021,BETTIAH,NSD0051,CHANPATIA,NP00292,CHANPATIA
N,NBPDCL,NC05,MOTIHARI,ND021,BETTIAH,NSD0051,CHANPATIA,NP00293,NAWALPUR
N,NBPDCL,NC05,MOTIHARI,ND021,BETTIAH,NSD0052,NARKATIYAGANJ,NP00294,GAUNAHA
N,NBPDCL,NC05,MOTIHARI,ND021,BETTIAH,NSD0052,NARKATIYAGANJ,NP00295,JAMUNIA
N,NBPDCL,NC05,MOTIHARI,ND021,BETTIAH,NSD0052,NARKATIYAGANJ,NP00296,NARKATIAGANJ
N,NBPDCL,NC05,MOTIHARI,ND021,BETTIAH,NSD0052,NARKATIYAGANJ,NP00297,BELSANDI
N,NBPDCL,NC05,MOTIHARI,ND021,BETTIAH,NSD0052,NARKATIYAGANJ,NP00298,MUSHAHARWA
N,NBPDCL,NC05,MOTIHARI,ND021,BETTIAH,NSD0052,NARKATIYAGANJ,NP00299,RAMPUR MISSION
N,NBPDCL,NC05,MOTIHARI,ND021,BETTIAH,NSD0052,NARKATIYAGANJ,NP00300,SARGHATIYA
N,NBPDCL,NC05,MOTIHARI,ND021,BETTIAH,NSD0052,NARKATIYAGANJ,NP00301,MAINATAND
N,NBPDCL,NC05,MOTIHARI,ND021,BETTIAH,NSD0052,NARKATIYAGANJ,NP00302,SIKTA
N,NBPDCL,NC05,MOTIHARI,ND021,BETTIAH,NSD0053,SATHI,NP00303,SATHI
N,NBPDCL,NC05,MOTIHARI,ND022,CHAKIA,NSD0054,ARERAJ,NP00304,ARERAJ
N,NBPDCL,NC05,MOTIHARI,ND022,CHAKIA,NSD0054,ARERAJ,NP00305,NAWADA
N,NBPDCL,NC05,MOTIHARI,ND022,CHAKIA,NSD0054,ARERAJ,NP00306,HARSIDHI
N,NBPDCL,NC05,MOTIHARI,ND022,CHAKIA,NSD0054,ARERAJ,NP00307,INDRAGACHI
N,NBPDCL,NC05,MOTIHARI,ND022,CHAKIA,NSD0054,ARERAJ,NP00308,PAHARPUR
N,NBPDCL,NC05,MOTIHARI,ND022,CHAKIA,NSD0054,ARERAJ,NP00309,UTTARI MADHUBANI( MADHUBANI DUBEY TOLA)
N,NBPDCL,NC05,MOTIHARI,ND022,CHAKIA,NSD0055,CHAKIA,NP00310,CHAKIA
N,NBPDCL,NC05,MOTIHARI,ND022,CHAKIA,NSD0055,CHAKIA,NP00311,KALYANPURMTR
N,NBPDCL,NC05,MOTIHARI,ND022,CHAKIA,NSD0055,CHAKIA,NP00312,KESARIA
N,NBPDCL,NC05,MOTIHARI,ND022,CHAKIA,NSD0055,CHAKIA,NP00313,RAMPURKHAJURIYA
N,NBPDCL,NC05,MOTIHARI,ND022,CHAKIA,NSD0055,CHAKIA,NP00314,MADHUBAN
N,NBPDCL,NC05,MOTIHARI,ND022,CHAKIA,NSD0055,CHAKIA,NP00315,MEHSI
N,NBPDCL,NC05,MOTIHARI,ND022,CHAKIA,NSD0055,CHAKIA,NP00316,TETARIA
N,NBPDCL,NC05,MOTIHARI,ND022,CHAKIA,NSD0055,CHAKIA,NP00317,NARAHA
N,NBPDCL,NC05,MOTIHARI,ND022,CHAKIA,NSD0055,CHAKIA,NP00318,PHENARAH
N,NBPDCL,NC05,MOTIHARI,ND023,MOTIHARI,NSD0056,MOTIHARI,NP00319,KOTWA
N,NBPDCL,NC05,MOTIHARI,ND023,MOTIHARI,NSD0056,MOTIHARI,NP00320,TURKAULIA
N,NBPDCL,NC05,MOTIHARI,ND023,MOTIHARI,NSD0056,MOTIHARI,NP00321,BANJARIA
N,NBPDCL,NC05,MOTIHARI,ND023,MOTIHARI,NSD0056,MOTIHARI,NP00322,DHEKAHA
N,NBPDCL,NC05,MOTIHARI,ND023,MOTIHARI,NSD0056,MOTIHARI,NP00323,DHURV LAKHAURA
N,NBPDCL,NC05,MOTIHARI,ND023,MOTIHARI,NSD0056,MOTIHARI,NP00324,CHHATAUNI
N,NBPDCL,NC05,MOTIHARI,ND023,MOTIHARI,NSD0056,MOTIHARI,NP00325,JAMLA
N,NBPDCL,NC05,MOTIHARI,ND023,MOTIHARI,NSD0056,MOTIHARI,NP00326,BELISARAI
N,NBPDCL,NC05,MOTIHARI,ND023,MOTIHARI,NSD0056,MOTIHARI,NP00327,MAJURAHA
N,NBPDCL,NC05,MOTIHARI,ND023,MOTIHARI,NSD0056,MOTIHARI,NP00328,PIPRAKOTHI
N,NBPDCL,NC05,MOTIHARI,ND024,RAXAUL,NSD0057,DHAKA,NP00329,CHIRAIYA
N,NBPDCL,NC05,MOTIHARI,ND024,RAXAUL,NSD0057,DHAKA,NP00330,DHAKA
N,NBPDCL,NC05,MOTIHARI,ND024,RAXAUL,NSD0057,DHAKA,NP00331,KARMAWA
N,NBPDCL,NC05,MOTIHARI,ND024,RAXAUL,NSD0057,DHAKA,NP00332,PAKRIDAYAL
N,NBPDCL,NC05,MOTIHARI,ND024,RAXAUL,NSD0057,DHAKA,NP00333,PATAHI
N,NBPDCL,NC05,MOTIHARI,ND024,RAXAUL,NSD0058,GHORASAHAN,NP00334,ADAPUR
N,NBPDCL,NC05,MOTIHARI,ND024,RAXAUL,NSD0058,GHORASAHAN,NP00335,BANKATWA
N,NBPDCL,NC05,MOTIHARI,ND024,RAXAUL,NSD0058,GHORASAHAN,NP00336,MATHIYA BHOPAT
N,NBPDCL,NC05,MOTIHARI,ND024,RAXAUL,NSD0058,GHORASAHAN,NP00337,CHHAURADANO
N,NBPDCL,NC05,MOTIHARI,ND024,RAXAUL,NSD0058,GHORASAHAN,NP00338,NARKATIYA
N,NBPDCL,NC05,MOTIHARI,ND024,RAXAUL,NSD0058,GHORASAHAN,NP00339,GHORASAHAN
N,NBPDCL,NC05,MOTIHARI,ND024,RAXAUL,NSD0059,RAXAUL,NP00340,AMODEI
N,NBPDCL,NC05,MOTIHARI,ND024,RAXAUL,NSD0059,RAXAUL,NP00341,RAMGARWA
N,NBPDCL,NC05,MOTIHARI,ND024,RAXAUL,NSD0059,RAXAUL,NP00342,PALANWA JAGDHAR
N,NBPDCL,NC05,MOTIHARI,ND024,RAXAUL,NSD0059,RAXAUL,NP00343,RAXAUL
N,NBPDCL,NC05,MOTIHARI,ND024,RAXAUL,NSD0059,RAXAUL,NP00344,SUGAULI
N,NBPDCL,NC06,MUZAFFARPUR,ND025,MUZAFFARPUR EAST,NSD0060,DHOLI,NP00345,DHOLI
N,NBPDCL,NC06,MUZAFFARPUR,ND025,MUZAFFARPUR EAST,NSD0060,DHOLI,NP00346,DWARIKANAGAR
N,NBPDCL,NC06,MUZAFFARPUR,ND025,MUZAFFARPUR EAST,NSD0060,DHOLI,NP00347,BANDRA
N,NBPDCL,NC06,MUZAFFARPUR,ND025,MUZAFFARPUR EAST,NSD0060,DHOLI,NP00348,BINDA
N,NBPDCL,NC06,MUZAFFARPUR,ND025,MUZAFFARPUR EAST,NSD0060,DHOLI,NP00349,MATIHANIMZP
N,NBPDCL,NC06,MUZAFFARPUR,ND025,MUZAFFARPUR EAST,NSD0061,MUZAFFARPUR EAST,NP00350,MAITHI
N,NBPDCL,NC06,MUZAFFARPUR,ND025,MUZAFFARPUR EAST,NSD0061,MUZAFFARPUR EAST,NP00351,BANGHARA
N,NBPDCL,NC06,MUZAFFARPUR,ND025,MUZAFFARPUR EAST,NSD0062,SAKRA,NP00352,MARKAN
N,NBPDCL,NC06,MUZAFFARPUR,ND025,MUZAFFARPUR EAST,NSD0062,SAKRA,NP00353,SUJAWALPUR
N,NBPDCL,NC06,MUZAFFARPUR,ND026,MUZAFFARPUR URBAN - 1,NSD0063,KALYANI,NP00354,CHANDWARA
N,NBPDCL,NC06,MUZAFFARPUR,ND026,MUZAFFARPUR URBAN - 1,NSD0063,KALYANI,NP00355,KATRAMZFPR
N,NBPDCL,NC06,MUZAFFARPUR,ND026,MUZAFFARPUR URBAN - 1,NSD0063,KALYANI,NP00356,MISCOT
N,NBPDCL,NC06,MUZAFFARPUR,ND026,MUZAFFARPUR URBAN - 1,NSD0064,MARIPUR,NP00357,CIRCLE CAMPUS
N,NBPDCL,NC06,MUZAFFARPUR,ND026,MUZAFFARPUR URBAN - 1,NSD0064,MARIPUR,NP00358,MARIPUR
N,NBPDCL,NC06,MUZAFFARPUR,ND026,MUZAFFARPUR URBAN - 1,NSD0065,MIT,NP00359,MIT
N,NBPDCL,NC06,MUZAFFARPUR,ND026,MUZAFFARPUR URBAN - 1,NSD0066,MUZAFFARPUR URBAN - 1,NP00360,NAYATOLA
N,NBPDCL,NC06,MUZAFFARPUR,ND026,MUZAFFARPUR URBAN - 1,NSD0067,SARAIYAGANJ,NP00361,SIKANDARPUR
N,NBPDCL,NC06,MUZAFFARPUR,ND027,MUZAFFARPUR URBAN - 2,NSD0068,RAMDAYALU,NP00362,BHAGANPUR
N,NBPDCL,NC06,MUZAFFARPUR,ND027,MUZAFFARPUR URBAN - 2,NSD0068,RAMDAYALU,NP00363,BHIKHANPURA
N,NBPDCL,NC06,MUZAFFARPUR,ND027,MUZAFFARPUR URBAN - 2,NSD0068,RAMDAYALU,NP00364,KHABRA
N,NBPDCL,NC06,MUZAFFARPUR,ND027,MUZAFFARPUR URBAN - 2,NSD0069,SKMCH,NP00365,CRPF
N,NBPDCL,NC06,MUZAFFARPUR,ND027,MUZAFFARPUR URBAN - 2,NSD0069,SKMCH,NP00366,SKMCH
N,NBPDCL,NC06,MUZAFFARPUR,ND028,MUZAFFARPUR WEST,NSD0070,MOTIPUR,NP00367,BARURAJ
N,NBPDCL,NC06,MUZAFFARPUR,ND028,MUZAFFARPUR WEST,NSD0070,MOTIPUR,NP00368,MOTIPUR
N,NBPDCL,NC06,MUZAFFARPUR,ND028,MUZAFFARPUR WEST,NSD0070,MOTIPUR,NP00369,DHANAIYA
N,NBPDCL,NC06,MUZAFFARPUR,ND028,MUZAFFARPUR WEST,NSD0070,MOTIPUR,NP00370,KATHAIYA
N,NBPDCL,NC06,MUZAFFARPUR,ND028,MUZAFFARPUR WEST,NSD0070,MOTIPUR,NP00371,SAHEBGANJ
N,NBPDCL,NC06,MUZAFFARPUR,ND028,MUZAFFARPUR WEST,NSD0071,MUZAFFARPUR WEST,NP00372,KANTI
N,NBPDCL,NC06,MUZAFFARPUR,ND028,MUZAFFARPUR WEST,NSD0071,MUZAFFARPUR WEST,NP00373,MARWAN
N,NBPDCL,NC06,MUZAFFARPUR,ND028,MUZAFFARPUR WEST,NSD0071,MUZAFFARPUR WEST,NP00374,KURHANI
N,NBPDCL,NC06,MUZAFFARPUR,ND028,MUZAFFARPUR WEST,NSD0072,SARAIYA,NP00375,SARAIYA (AROPUR)
N,NBPDCL,NC06,MUZAFFARPUR,ND028,MUZAFFARPUR WEST,NSD0072,SARAIYA,NP00376,DHANPURA
N,NBPDCL,NC06,MUZAFFARPUR,ND028,MUZAFFARPUR WEST,NSD0072,SARAIYA,NP00377,PAROO
N,NBPDCL,NC06,MUZAFFARPUR,ND028,MUZAFFARPUR WEST,NSD0072,SARAIYA,NP00378,BAKHRA
N,NBPDCL,NC06,MUZAFFARPUR,ND029,MUZAFFARPUR(URBAN-II),NSD0061,MUZAFFARPUR EAST,NP00379,BOCHHA
N,NBPDCL,NC06,MUZAFFARPUR,ND030,PUPRI,NSD0073,PUPRI,NP00380,BAJPATTI
N,NBPDCL,NC06,MUZAFFARPUR,ND030,PUPRI,NSD0073,PUPRI,NP00381,KHARKA (BOKHRA)
N,NBPDCL,NC06,MUZAFFARPUR,ND030,PUPRI,NSD0073,PUPRI,NP00382,MAHUAGACHHINANPUR
N,NBPDCL,NC06,MUZAFFARPUR,ND030,PUPRI,NSD0073,PUPRI,NP00383,CHARAOUT
N,NBPDCL,NC06,MUZAFFARPUR,ND030,PUPRI,NSD0073,PUPRI,NP00384,PUPRI
N,NBPDCL,NC06,MUZAFFARPUR,ND030,PUPRI,NSD0074,SITAMARHI RURAL,NP00385,BATHNAHA
N,NBPDCL,NC06,MUZAFFARPUR,ND030,PUPRI,NSD0074,SITAMARHI RURAL,NP00386,BATHNAHA TOWN
N,NBPDCL,NC06,MUZAFFARPUR,ND030,PUPRI,NSD0074,SITAMARHI RURAL,NP00387,MADHESARA
N,NBPDCL,NC06,MUZAFFARPUR,ND030,PUPRI,NSD0074,SITAMARHI RURAL,NP00388,SIRSIYA
N,NBPDCL,NC06,MUZAFFARPUR,ND030,PUPRI,NSD0074,SITAMARHI RURAL,NP00389,PARCHAIYA ( SONBARSA )
N,NBPDCL,NC06,MUZAFFARPUR,ND030,PUPRI,NSD0074,SITAMARHI RURAL,NP00390,RADHOUR
N,NBPDCL,NC06,MUZAFFARPUR,ND030,PUPRI,NSD0074,SITAMARHI RURAL,NP00391,SURSAND
N,NBPDCL,NC06,MUZAFFARPUR,ND031,SHEOHAR,NSD0075,SHEOHAR,NP00392,DUMRI(NAYAGAON)
N,NBPDCL,NC06,MUZAFFARPUR,ND031,SHEOHAR,NSD0075,SHEOHAR,NP00393,NAYAGOAN
N,NBPDCL,NC06,MUZAFFARPUR,ND031,SHEOHAR,NSD0075,SHEOHAR,NP00394,PIPRAHI
N,NBPDCL,NC06,MUZAFFARPUR,ND031,SHEOHAR,NSD0075,SHEOHAR,NP00395,SHEOHAR
N,NBPDCL,NC06,MUZAFFARPUR,ND031,SHEOHAR,NSD0075,SHEOHAR,NP00396,TARYANI
N,NBPDCL,NC06,MUZAFFARPUR,ND032,SITAMARHI,NSD0076,BAIRGANIA,NP00397,SUNDARGAMA (PARSAUNI)
N,NBPDCL,NC06,MUZAFFARPUR,ND032,SITAMARHI,NSD0076,BAIRGANIA,NP00398,BAIRGANIA
N,NBPDCL,NC06,MUZAFFARPUR,ND032,SITAMARHI,NSD0077,RIGA,NP00399,MEJORGANJ
N,NBPDCL,NC06,MUZAFFARPUR,ND032,SITAMARHI,NSD0077,RIGA,NP00400,RIGA
N,NBPDCL,NC06,MUZAFFARPUR,ND032,SITAMARHI,NSD0077,RIGA,NP00401,SUPPI
N,NBPDCL,NC06,MUZAFFARPUR,ND032,SITAMARHI,NSD0078,RUNISAIDPUR,NP00402,BELSAND
N,NBPDCL,NC06,MUZAFFARPUR,ND032,SITAMARHI,NSD0078,RUNISAIDPUR,NP00403,PARSAUNI
N,NBPDCL,NC06,MUZAFFARPUR,ND032,SITAMARHI,NSD0078,RUNISAIDPUR,NP00404,RUNISAIDPUR
N,NBPDCL,NC06,MUZAFFARPUR,ND032,SITAMARHI,NSD0079,SITAMARHI URBAN,NP00405,NEW DUMRA
N,NBPDCL,NC06,MUZAFFARPUR,ND032,SITAMARHI,NSD0079,SITAMARHI URBAN,NP00406,PUNAURA
N,NBPDCL,NC06,MUZAFFARPUR,ND032,SITAMARHI,NSD0079,SITAMARHI URBAN,NP00407,DUMRA
N,NBPDCL,NC06,MUZAFFARPUR,ND032,SITAMARHI,NSD0079,SITAMARHI URBAN,NP00408,MEHSAUL
N,NBPDCL,NC07,PURNEA,ND033,BARSOI,NSD0080,BARSOI,NP00409,AJAMNAGAR
N,NBPDCL,NC07,PURNEA,ND033,BARSOI,NSD0080,BARSOI,NP00410,BALRAMPUR
N,NBPDCL,NC07,PURNEA,ND033,BARSOI,NSD0080,BARSOI,NP00411,KORIYA
N,NBPDCL,NC07,PURNEA,ND033,BARSOI,NSD0080,BARSOI,NP00412,SANAULI
N,NBPDCL,NC07,PURNEA,ND034,KATIHAR,NSD0081,KATIHAR RURAL,NP00413,BARSOI
N,NBPDCL,NC07,PURNEA,ND034,KATIHAR,NSD0081,KATIHAR RURAL,NP00414,HASANGANJ
N,NBPDCL,NC07,PURNEA,ND034,KATIHAR,NSD0081,KATIHAR RURAL,NP00415,LAXMIPUR
N,NBPDCL,NC07,PURNEA,ND034,KATIHAR,NSD0081,KATIHAR RURAL,NP00416,FALKA
N,NBPDCL,NC07,PURNEA,ND034,KATIHAR,NSD0081,KATIHAR RURAL,NP00417,KURSELA
N,NBPDCL,NC07,PURNEA,ND034,KATIHAR,NSD0081,KATIHAR RURAL,NP00418,MANIHARI (NAWABABGANJ)
N,NBPDCL,NC07,PURNEA,ND034,KATIHAR,NSD0081,KATIHAR RURAL,NP00419,PRANPUR
N,NBPDCL,NC07,PURNEA,ND034,KATIHAR,NSD0082,KATIHAR URBAN,NP00420,INDUSTRIAL
N,NBPDCL,NC07,PURNEA,ND034,KATIHAR,NSD0082,KATIHAR URBAN,NP00421,BINODPUR
N,NBPDCL,NC07,PURNEA,ND034,KATIHAR,NSD0082,KATIHAR URBAN,NP00422,MIRCHAIBARI
N,NBPDCL,NC07,PURNEA,ND034,KATIHAR,NSD0082,KATIHAR URBAN,NP00423,DCR
N,NBPDCL,NC07,PURNEA,ND034,KATIHAR,NSD0083,KORHA,NP00424,SAMAILI
N,NBPDCL,NC07,PURNEA,ND034,KATIHAR,NSD0084,MANIHARI,NP00425,AMDABAD
N,NBPDCL,NC07,PURNEA,ND034,KATIHAR,NSD0084,MANIHARI,NP00426,MANSAHI
N,NBPDCL,NC07,PURNEA,ND034,KATIHAR,NSD0084,MANIHARI,NP00427,SEMAPUR
N,NBPDCL,NC07,PURNEA,ND035,PURNEA EAST,NSD0085,AMOUR,NP00428,AMOUR
N,NBPDCL,NC07,PURNEA,ND035,PURNEA EAST,NSD0085,AMOUR,NP00429,RAMNIKALA
N,NBPDCL,NC07,PURNEA,ND035,PURNEA EAST,NSD0085,AMOUR,NP00430,BAISA (BOLAN)
N,NBPDCL,NC07,PURNEA,ND035,PURNEA EAST,NSD0085,AMOUR,NP00431,ROUTA
N,NBPDCL,NC07,PURNEA,ND035,PURNEA EAST,NSD0085,AMOUR,NP00432,BAISI
N,NBPDCL,NC07,PURNEA,ND035,PURNEA EAST,NSD0085,AMOUR,NP00433,BELGACHHI
N,NBPDCL,NC07,PURNEA,ND035,PURNEA EAST,NSD0086,GULABBAGH,NP00434,JALALGARH
N,NBPDCL,NC07,PURNEA,ND035,PURNEA EAST,NSD0086,GULABBAGH,NP00435,KASBA
N,NBPDCL,NC07,PURNEA,ND035,PURNEA EAST,NSD0086,GULABBAGH,NP00436,BELORI
N,NBPDCL,NC07,PURNEA,ND035,PURNEA EAST,NSD0086,GULABBAGH,NP00437,PURNEA CITY
N,NBPDCL,NC07,PURNEA,ND035,PURNEA EAST,NSD0087,PURNEA RURAL,NP00438,MAHENDRAPUR
N,NBPDCL,NC07,PURNEA,ND035,PURNEA EAST,NSD0087,PURNEA RURAL,NP00439,MAHMADIYA
N,NBPDCL,NC07,PURNEA,ND035,PURNEA EAST,NSD0087,PURNEA RURAL,NP00440,PURNEA BIADA
N,NBPDCL,NC07,PURNEA,ND035,PURNEA EAST,NSD0087,PURNEA RURAL,NP00441,MARANGA
N,NBPDCL,NC07,PURNEA,ND035,PURNEA EAST,NSD0087,PURNEA RURAL,NP00442,BIADA
N,NBPDCL,NC07,PURNEA,ND036,PURNEA WEST,NSD0088,PURNEA WEST,NP00443,GIS CIRCUIT HOUSE
N,NBPDCL,NC07,PURNEA,ND036,PURNEA WEST,NSD0089,BANMANKHI,NP00444,HARRAHI
N,NBPDCL,NC07,PURNEA,ND036,PURNEA WEST,NSD0089,BANMANKHI,NP00445,BANMANKHI IPDS
N,NBPDCL,NC07,PURNEA,ND036,PURNEA WEST,NSD0089,BANMANKHI,NP00446,SARSI
N,NBPDCL,NC07,PURNEA,ND036,PURNEA WEST,NSD0089,BANMANKHI,NP00447,JANKINAGAR
N,NBPDCL,NC07,PURNEA,ND036,PURNEA WEST,NSD0089,BANMANKHI,NP00448,BANMANKHI
N,NBPDCL,NC07,PURNEA,ND036,PURNEA WEST,NSD0090,DHAMDAHA,NP00449,BHITTA
N,NBPDCL,NC07,PURNEA,ND036,PURNEA WEST,NSD0090,DHAMDAHA,NP00450,SONDIP
N,NBPDCL,NC07,PURNEA,ND036,PURNEA WEST,NSD0090,DHAMDAHA,NP00451,MUGALIA PURANDAHA
N,NBPDCL,NC07,PURNEA,ND036,PURNEA WEST,NSD0090,DHAMDAHA,NP00452,NIRPUR
N,NBPDCL,NC07,PURNEA,ND036,PURNEA WEST,NSD0090,DHAMDAHA,NP00453,DARGAHA
N,NBPDCL,NC07,PURNEA,ND036,PURNEA WEST,NSD0090,DHAMDAHA,NP00454,SRIMATTA
N,NBPDCL,NC07,PURNEA,ND036,PURNEA WEST,NSD0091,K. NAGAR,NP00455,CHAMPANAGAR
N,NBPDCL,NC07,PURNEA,ND036,PURNEA WEST,NSD0091,K. NAGAR,NP00456,GOWASI (CHUNAPUR)
N,NBPDCL,NC07,PURNEA,ND036,PURNEA WEST,NSD0091,K. NAGAR,NP00457,JAGELI
N,NBPDCL,NC07,PURNEA,ND036,PURNEA WEST,NSD0092,PURNEA URBAN,NP00458,GRID PSS
N,NBPDCL,NC07,PURNEA,ND036,PURNEA WEST,NSD0092,PURNEA URBAN,NP00459,LINE BAZAR
N,NBPDCL,NC08,SAHARSA,ND037,MADHEPURA,NSD0093,MADHEPURA,NP00460,GAMHARIA
N,NBPDCL,NC08,SAHARSA,ND037,MADHEPURA,NSD0093,MADHEPURA,NP00461,GHAILAD
N,NBPDCL,NC08,SAHARSA,ND037,MADHEPURA,NSD0093,MADHEPURA,NP00462,KUMARKHAND
N,NBPDCL,NC08,SAHARSA,ND037,MADHEPURA,NSD0093,MADHEPURA,NP00463,MADHEPURA
N,NBPDCL,NC08,SAHARSA,ND037,MADHEPURA,NSD0093,MADHEPURA,NP00464,DHURGAON
N,NBPDCL,NC08,SAHARSA,ND037,MADHEPURA,NSD0093,MADHEPURA,NP00465,MANIKPUR
N,NBPDCL,NC08,SAHARSA,ND037,MADHEPURA,NSD0093,MADHEPURA,NP00466,MURLIGANJ
N,NBPDCL,NC08,SAHARSA,ND037,MADHEPURA,NSD0093,MADHEPURA,NP00467,SHANKARPUR
N,NBPDCL,NC08,SAHARSA,ND037,MADHEPURA,NSD0093,MADHEPURA,NP00468,SINGGESWERSTAN
N,NBPDCL,NC08,SAHARSA,ND037,MADHEPURA,NSD0093,MADHEPURA,NP00469,MEDICAL COLLEGE
N,NBPDCL,NC08,SAHARSA,ND037,MADHEPURA,NSD0094,MURLIGANJ,NP00470,POKHRAM PARMANANDPUR
N,NBPDCL,NC08,SAHARSA,ND038,RAGHOPUR,NSD0095,BIRPUR,NP00471,BALUA BAZAR
N,NBPDCL,NC08,SAHARSA,ND038,RAGHOPUR,NSD0095,BIRPUR,NP00472,CHATTAPUR
N,NBPDCL,NC08,SAHARSA,ND038,RAGHOPUR,NSD0096,NIRMALI,NP00473,MAJHARI
N,NBPDCL,NC08,SAHARSA,ND038,RAGHOPUR,NSD0096,NIRMALI,NP00474,MARUNA
N,NBPDCL,NC08,SAHARSA,ND038,RAGHOPUR,NSD0096,NIRMALI,NP00475,NIRMALI
N,NBPDCL,NC08,SAHARSA,ND038,RAGHOPUR,NSD0096,NIRMALI,NP00476,LOKHI DAGMARA
N,NBPDCL,NC08,SAHARSA,ND038,RAGHOPUR,NSD0097,RAGHOPUR,NP00477,JAGDISHPUR
N,NBPDCL,NC08,SAHARSA,ND038,RAGHOPUR,NSD0097,RAGHOPUR,NP00478,PRATAPGANJ
N,NBPDCL,NC08,SAHARSA,ND038,RAGHOPUR,NSD0097,RAGHOPUR,NP00479,SUKHNAGAR
N,NBPDCL,NC08,SAHARSA,ND038,RAGHOPUR,NSD0097,RAGHOPUR,NP00480,RAGHOPUR
N,NBPDCL,NC08,SAHARSA,ND038,RAGHOPUR,NSD0097,RAGHOPUR,NP00481,BHAPTIYAHI
N,NBPDCL,NC08,SAHARSA,ND038,RAGHOPUR,NSD0097,RAGHOPUR,NP00482,LALGANJ PSS
N,NBPDCL,NC08,SAHARSA,ND038,RAGHOPUR,NSD0097,RAGHOPUR,NP00483,SADANANDPUR
N,NBPDCL,NC08,SAHARSA,ND038,RAGHOPUR,NSD0097,RAGHOPUR,NP00484,CHANDIPIPAR
N,NBPDCL,NC08,SAHARSA,ND039,SAHARSA,NSD0098,SAHARSA RURAL,NP00485,BALHA GADHIYA
N,NBPDCL,NC08,SAHARSA,ND039,SAHARSA,NSD0098,SAHARSA RURAL,NP00486,DUDHELA
N,NBPDCL,NC08,SAHARSA,ND039,SAHARSA,NSD0098,SAHARSA RURAL,NP00487,PATUAHA
N,NBPDCL,NC08,SAHARSA,ND039,SAHARSA,NSD0098,SAHARSA RURAL,NP00488,BELAHI
N,NBPDCL,NC08,SAHARSA,ND039,SAHARSA,NSD0098,SAHARSA RURAL,NP00489,MAHISI
N,NBPDCL,NC08,SAHARSA,ND039,SAHARSA,NSD0098,SAHARSA RURAL,NP00490,NAWHATTA
N,NBPDCL,NC08,SAHARSA,ND039,SAHARSA,NSD0099,SAHARSA URBAN,NP00491,NAYABAZAR
N,NBPDCL,NC08,SAHARSA,ND039,SAHARSA,NSD0099,SAHARSA URBAN,NP00492,SAHARSA OLD
N,NBPDCL,NC08,SAHARSA,ND039,SAHARSA,NSD0100,SAUR BAZAR,NP00493,RAUTA
N,NBPDCL,NC08,SAHARSA,ND039,SAHARSA,NSD0100,SAUR BAZAR,NP00494,SATARKATIYA
N,NBPDCL,NC08,SAHARSA,ND039,SAHARSA,NSD0100,SAUR BAZAR,NP00495,SAUR BAZAR
N,NBPDCL,NC08,SAHARSA,ND040,SIMRI BHAKHIYARPUR,NSD0101,SIMRI BHAKHIYARPUR,NP00496,SALKHUA
N,NBPDCL,NC08,SAHARSA,ND040,SIMRI BHAKHIYARPUR,NSD0101,SIMRI BHAKHIYARPUR,NP00497,GANGA PRASAD SITANABAD
N,NBPDCL,NC08,SAHARSA,ND040,SIMRI BHAKHIYARPUR,NSD0101,SIMRI BHAKHIYARPUR,NP00498,BALUAHAT
N,NBPDCL,NC08,SAHARSA,ND040,SIMRI BHAKHIYARPUR,NSD0101,SIMRI BHAKHIYARPUR,NP00499,SIMRI BAKHTIYARPUR
N,NBPDCL,NC08,SAHARSA,ND040,SIMRI BHAKHIYARPUR,NSD0102,SONBARSA,NP00500,BANMA
N,NBPDCL,NC08,SAHARSA,ND040,SIMRI BHAKHIYARPUR,NSD0102,SONBARSA,NP00501,PATHARGHAT
N,NBPDCL,NC08,SAHARSA,ND040,SIMRI BHAKHIYARPUR,NSD0102,SONBARSA,NP00502,SON BARSA
N,NBPDCL,NC08,SAHARSA,ND041,SUPAUL,NSD0103,SUPAUL,NP00503,PARSHARMA
N,NBPDCL,NC08,SAHARSA,ND041,SUPAUL,NSD0103,SUPAUL,NP00504,PIPRA
N,NBPDCL,NC08,SAHARSA,ND041,SUPAUL,NSD0103,SUPAUL,NP00505,KISANPUR
N,NBPDCL,NC08,SAHARSA,ND041,SUPAUL,NSD0103,SUPAUL,NP00506,HARDI
N,NBPDCL,NC08,SAHARSA,ND041,SUPAUL,NSD0103,SUPAUL,NP00507,SUPAUL
N,NBPDCL,NC08,SAHARSA,ND041,SUPAUL,NSD0103,SUPAUL,NP00508,VINA ROAD
N,NBPDCL,NC08,SAHARSA,ND041,SUPAUL,NSD0103,SUPAUL,NP00509,TRIVENIGANJ
N,NBPDCL,NC08,SAHARSA,ND041,SUPAUL,NSD0104,TRIVENIGANJ,NP00510,JADIYA
N,NBPDCL,NC08,SAHARSA,ND042,UDAKISHUNGANJ,NSD0105,ALAMNAGAR,NP00511,DABRU TOLA ( CHAUSA)
N,NBPDCL,NC08,SAHARSA,ND042,UDAKISHUNGANJ,NSD0106,UDAKISHUNGANJ,NP00512,ALAM NAGER
N,NBPDCL,NC08,SAHARSA,ND042,UDAKISHUNGANJ,NSD0106,UDAKISHUNGANJ,NP00513,PURAINI
N,NBPDCL,NC08,SAHARSA,ND042,UDAKISHUNGANJ,NSD0106,UDAKISHUNGANJ,NP00514,BIHARIGANJ
N,NBPDCL,NC08,SAHARSA,ND042,UDAKISHUNGANJ,NSD0106,UDAKISHUNGANJ,NP00515,NEW BIHARIGANJ
N,NBPDCL,NC08,SAHARSA,ND042,UDAKISHUNGANJ,NSD0106,UDAKISHUNGANJ,NP00516,CHOUSA
N,NBPDCL,NC08,SAHARSA,ND042,UDAKISHUNGANJ,NSD0106,UDAKISHUNGANJ,NP00517,GWALPARA
N,NBPDCL,NC08,SAHARSA,ND042,UDAKISHUNGANJ,NSD0106,UDAKISHUNGANJ,NP00518,UDA KISANGANJ
N,NBPDCL,NC08,SAHARSA,ND042,UDAKISHUNGANJ,NSD0106,UDAKISHUNGANJ,NP00519,SAHJADPUR
N,NBPDCL,NC09,SAMASTIPUR,ND043,DALSINGHSARAI,NSD0107,DALSINGSARAI,NP00520,DALSINGH SARAI
N,NBPDCL,NC09,SAMASTIPUR,ND043,DALSINGHSARAI,NSD0107,DALSINGSARAI,NP00521,VIDYAPATI NAGAR
N,NBPDCL,NC09,SAMASTIPUR,ND043,DALSINGHSARAI,NSD0107,DALSINGSARAI,NP00522,KANCHA
N,NBPDCL,NC09,SAMASTIPUR,ND043,DALSINGHSARAI,NSD0108,MOHIUDDIN NAGAR,NP00523,MOHIUDDIN NAGAR
N,NBPDCL,NC09,SAMASTIPUR,ND043,DALSINGHSARAI,NSD0108,MOHIUDDIN NAGAR,NP00524,BISHANPUR BERI
N,NBPDCL,NC09,SAMASTIPUR,ND043,DALSINGHSARAI,NSD0108,MOHIUDDIN NAGAR,NP00525,DHAMON
N,NBPDCL,NC09,SAMASTIPUR,ND043,DALSINGHSARAI,NSD0108,MOHIUDDIN NAGAR,NP00526,PATORI
N,NBPDCL,NC09,SAMASTIPUR,ND043,DALSINGHSARAI,NSD0109,SARAIRANJAN,NP00527,GANGAPUR HAT
N,NBPDCL,NC09,SAMASTIPUR,ND043,DALSINGHSARAI,NSD0109,SARAIRANJAN,NP00528,MANIKPUR KHAJURI
N,NBPDCL,NC09,SAMASTIPUR,ND043,DALSINGHSARAI,NSD0109,SARAIRANJAN,NP00529,SARAIRANJAN
N,NBPDCL,NC09,SAMASTIPUR,ND044,HAJIPUR,NSD0110,BIDDUPUR,NP00530,BIDDUPUR
N,NBPDCL,NC09,SAMASTIPUR,ND044,HAJIPUR,NSD0110,BIDDUPUR,NP00531,PAKAULI
N,NBPDCL,NC09,SAMASTIPUR,ND044,HAJIPUR,NSD0110,BIDDUPUR,NP00532,RAGHOPUR (MALIKPUR)
N,NBPDCL,NC09,SAMASTIPUR,ND044,HAJIPUR,NSD0111,HAJIPUR,NP00533,DIGHI
N,NBPDCL,NC09,SAMASTIPUR,ND044,HAJIPUR,NSD0111,HAJIPUR,NP00534,HARIVANSHPUR
N,NBPDCL,NC09,SAMASTIPUR,ND044,HAJIPUR,NSD0111,HAJIPUR,NP00535,KONHARAGHAT
N,NBPDCL,NC09,SAMASTIPUR,ND044,HAJIPUR,NSD0112,INDUSTRIAL AREA,NP00536,EPIP
N,NBPDCL,NC09,SAMASTIPUR,ND044,HAJIPUR,NSD0112,INDUSTRIAL AREA,NP00537,PASWAN CHOWK
N,NBPDCL,NC09,SAMASTIPUR,ND044,HAJIPUR,NSD0113,MAHNAR,NP00538,DESARI
N,NBPDCL,NC09,SAMASTIPUR,ND044,HAJIPUR,NSD0113,MAHNAR,NP00539,BHATAHI
N,NBPDCL,NC09,SAMASTIPUR,ND044,HAJIPUR,NSD0113,MAHNAR,NP00540,JANDAHA
N,NBPDCL,NC09,SAMASTIPUR,ND044,HAJIPUR,NSD0113,MAHNAR,NP00541,MAHNAR
N,NBPDCL,NC09,SAMASTIPUR,ND044,HAJIPUR,NSD0113,MAHNAR,NP00542,MAHNAR BLOCK
N,NBPDCL,NC09,SAMASTIPUR,ND044,HAJIPUR,NSD0113,MAHNAR,NP00543,SAHADEI
N,NBPDCL,NC09,SAMASTIPUR,ND045,MAHUA,NSD0114,LALGANJ,NP00544,PRATAPTARH
N,NBPDCL,NC09,SAMASTIPUR,ND045,MAHUA,NSD0114,LALGANJ,NP00545,RATANPURA ( NEW )
N,NBPDCL,NC09,SAMASTIPUR,ND045,MAHUA,NSD0114,LALGANJ,NP00546,SARAI
N,NBPDCL,NC09,SAMASTIPUR,ND045,MAHUA,NSD0114,LALGANJ,NP00547,JARANG RAMPUR
N,NBPDCL,NC09,SAMASTIPUR,ND045,MAHUA,NSD0114,LALGANJ,NP00548,PATEDHI BELSAR
N,NBPDCL,NC09,SAMASTIPUR,ND045,MAHUA,NSD0114,LALGANJ,NP00549,LALGANJ
N,NBPDCL,NC09,SAMASTIPUR,ND045,MAHUA,NSD0114,LALGANJ,NP00550,VAISHALI
N,NBPDCL,NC09,SAMASTIPUR,ND045,MAHUA,NSD0115,MAHUA,NP00551,GORAUL
N,NBPDCL,NC09,SAMASTIPUR,ND045,MAHUA,NSD0115,MAHUA,NP00552,PIROI
N,NBPDCL,NC09,SAMASTIPUR,ND045,MAHUA,NSD0115,MAHUA,NP00553,CHEHRAKALA
N,NBPDCL,NC09,SAMASTIPUR,ND045,MAHUA,NSD0115,MAHUA,NP00554,MAHUA
N,NBPDCL,NC09,SAMASTIPUR,ND045,MAHUA,NSD0115,MAHUA,NP00555,MAUDHA CHATUR
N,NBPDCL,NC09,SAMASTIPUR,ND045,MAHUA,NSD0115,MAHUA,NP00556,PATEPUR
N,NBPDCL,NC09,SAMASTIPUR,ND045,MAHUA,NSD0115,MAHUA,NP00557,RAJAPAKAR
N,NBPDCL,NC09,SAMASTIPUR,ND046,ROSERA,NSD0116,ROSERA,NP00558,BIBHUTIPUR
N,NBPDCL,NC09,SAMASTIPUR,ND046,ROSERA,NSD0116,ROSERA,NP00559,BITHAN
N,NBPDCL,NC09,SAMASTIPUR,ND046,ROSERA,NSD0116,ROSERA,NP00560,FULHARA
N,NBPDCL,NC09,SAMASTIPUR,ND046,ROSERA,NSD0116,ROSERA,NP00561,HASANPUR
N,NBPDCL,NC09,SAMASTIPUR,ND046,ROSERA,NSD0116,ROSERA,NP00562,SAMARTHA
N,NBPDCL,NC09,SAMASTIPUR,ND046,ROSERA,NSD0116,ROSERA,NP00563,ROSERA
N,NBPDCL,NC09,SAMASTIPUR,ND046,ROSERA,NSD0116,ROSERA,NP00564,JAKAR DHARAMPUR
N,NBPDCL,NC09,SAMASTIPUR,ND046,ROSERA,NSD0116,ROSERA,NP00565,MAHESINGHIA
N,NBPDCL,NC09,SAMASTIPUR,ND046,ROSERA,NSD0116,ROSERA,NP00566,SHIVAJI NAGAR
N,NBPDCL,NC09,SAMASTIPUR,ND047,SAMASTIPUR,NSD0117,KALYANPUR,NP00567,KALYANPUR (SMSTR)
N,NBPDCL,NC09,SAMASTIPUR,ND047,SAMASTIPUR,NSD0117,KALYANPUR,NP00568,KHANPUR
N,NBPDCL,NC09,SAMASTIPUR,ND047,SAMASTIPUR,NSD0117,KALYANPUR,NP00569,EKDWARI (MATHURAPUR)
N,NBPDCL,NC09,SAMASTIPUR,ND047,SAMASTIPUR,NSD0117,KALYANPUR,NP00570,WARISNAGAR
N,NBPDCL,NC09,SAMASTIPUR,ND047,SAMASTIPUR,NSD0118,PUSA,NP00571,MORWA
N,NBPDCL,NC09,SAMASTIPUR,ND047,SAMASTIPUR,NSD0118,PUSA,NP00572,PUSA FARM
N,NBPDCL,NC09,SAMASTIPUR,ND047,SAMASTIPUR,NSD0118,PUSA,NP00573,KABAULIRAM
N,NBPDCL,NC09,SAMASTIPUR,ND047,SAMASTIPUR,NSD0118,PUSA,NP00574,SIRSIYA TAJPUR
N,NBPDCL,NC09,SAMASTIPUR,ND047,SAMASTIPUR,NSD0119,SAMASTIPUR RURAL,NP00575,CHAITA
N,NBPDCL,NC09,SAMASTIPUR,ND047,SAMASTIPUR,NSD0119,SAMASTIPUR RURAL,NP00576,KARPURIGRAM
N,NBPDCL,NC09,SAMASTIPUR,ND047,SAMASTIPUR,NSD0119,SAMASTIPUR RURAL,NP00577,SINGHIA KHURD
N,NBPDCL,NC09,SAMASTIPUR,ND047,SAMASTIPUR,NSD0119,SAMASTIPUR RURAL,NP00578,NAZIRPUR
N,NBPDCL,NC09,SAMASTIPUR,ND047,SAMASTIPUR,NSD0119,SAMASTIPUR RURAL,NP00579,UJIARPUR
N,NBPDCL,NC09,SAMASTIPUR,ND047,SAMASTIPUR,NSD0120,SAMASTIPUR (U),NP00580,JITWARPUR
N,NBPDCL,NC09,SAMASTIPUR,ND047,SAMASTIPUR,NSD0120,SAMASTIPUR (U),NP00581,MOHANPUR
N,NBPDCL,NC09,SAMASTIPUR,ND047,SAMASTIPUR,NSD0120,SAMASTIPUR (U),NP00582,LAGUNIA
N,NBPDCL,NC09,SAMASTIPUR,ND047,SAMASTIPUR,NSD0120,SAMASTIPUR (U),NP00583,LAGUNIA (E HOUSE)
S,SBPDCL,SC01,PESU(W),SD001,DANAPUR,SSD0001,KHAGAUL,SP00001,KHAGAUL
S,SBPDCL,SC02,PATNA,SD002,BIHTA,SSD0002,BIHTA,SP00002,BIHTA OLD
S,SBPDCL,SC02,PATNA,SD002,BIHTA,SSD0002,BIHTA,SP00003,PAREO 
S,SBPDCL,SC02,PATNA,SD002,BIHTA,SSD0002,BIHTA,SP00004, AIRFORCE
S,SBPDCL,SC02,PATNA,SD002,BIHTA,SSD0002,BIHTA,SP00005,MAHUAAR
S,SBPDCL,SC02,PATNA,SD002,BIHTA,SSD0003,MANER,SP00006,SHERPUR 
S,SBPDCL,SC02,PATNA,SD002,BIHTA,SSD0003,MANER,SP00007,MANER
S,SBPDCL,SC02,PATNA,SD002,BIHTA,SSD0004,BIKRAM,SP00008,BIKRAM
S,SBPDCL,SC02,PATNA,SD002,BIHTA,SSD0004,BIKRAM,SP00009,KANPA
S,SBPDCL,SC02,PATNA,SD002,BIHTA,SSD0004,BIKRAM,SP00010,LALA BHADSARA
S,SBPDCL,SC02,PATNA,SD002,BIHTA,SSD0005,PALIGANJ,SP00011,KHANPURA  
S,SBPDCL,SC02,PATNA,SD002,BIHTA,SSD0005,PALIGANJ,SP00012,PALIGANJ
S,SBPDCL,SC02,PATNA,SD002,BIHTA,SSD0005,PALIGANJ,SP00013,CHANDOS
S,SBPDCL,SC02,PATNA,SD003,BARH,SSD0006,BARH,SP00014,BIHARIBIGHA
S,SBPDCL,SC02,PATNA,SD003,BARH,SSD0006,BARH,SP00015,BARH
S,SBPDCL,SC02,PATNA,SD003,BARH,SSD0006,BARH,SP00016,BELCHHI
S,SBPDCL,SC02,PATNA,SD003,BARH,SSD0006,BARH,SP00017,PANDARAK
S,SBPDCL,SC02,PATNA,SD003,BARH,SSD0007,BAKHTIYARPUR,SP00018,CHAK SARWAR
S,SBPDCL,SC02,PATNA,SD003,BARH,SSD0007,BAKHTIYARPUR,SP00019,KHUSHRUPUR
S,SBPDCL,SC02,PATNA,SD003,BARH,SSD0007,BAKHTIYARPUR,SP00020,BKP
S,SBPDCL,SC02,PATNA,SD003,BARH,SSD0008,MOKAMA,SP00021,SAMIYAGARH 
S,SBPDCL,SC02,PATNA,SD003,BARH,SSD0008,MOKAMA,SP00022,MOKAMA
S,SBPDCL,SC02,PATNA,SD003,BARH,SSD0009,HATHIDAH,SP00023,HATHIDAH
S,SBPDCL,SC02,PATNA,SD004,FATUHA,SSD0010,FATUHA,SP00024, FATUHA 
S,SBPDCL,SC02,PATNA,SD004,FATUHA,SSD0010,FATUHA,SP00025, DANIYAMA
S,SBPDCL,SC02,PATNA,SD004,FATUHA,SSD0010,FATUHA,SP00026,FATUHA_NEW
S,SBPDCL,SC02,PATNA,SD004,FATUHA,SSD0011,DEEDARGANJ,SP00027,BELDARICHAK PSS
S,SBPDCL,SC02,PATNA,SD004,FATUHA,SSD0011,DEEDARGANJ,SP00028,PABHERI
S,SBPDCL,SC02,PATNA,SD004,FATUHA,SSD0011,DEEDARGANJ,SP00029,SABALPUR
S,SBPDCL,SC02,PATNA,SD004,FATUHA,SSD0011,DEEDARGANJ,SP00030,PAHARI PSS
S,SBPDCL,SC02,PATNA,SD004,FATUHA,SSD0011,DEEDARGANJ,SP00031,KATRA
S,SBPDCL,SC02,PATNA,SD004,FATUHA,SSD0011,DEEDARGANJ,SP00032,USFA PSS
S,SBPDCL,SC02,PATNA,SD004,FATUHA,SSD0011,DEEDARGANJ,SP00033,SAMPATCHAK PSS
S,SBPDCL,SC02,PATNA,SD005,MASAURHI,SSD0012,MASAURHI,SP00034,NADWAN
S,SBPDCL,SC02,PATNA,SD005,MASAURHI,SSD0012,MASAURHI,SP00035,BHAGWANGANJ
S,SBPDCL,SC02,PATNA,SD005,MASAURHI,SSD0012,MASAURHI,SP00036,SONMAI
S,SBPDCL,SC02,PATNA,SD005,MASAURHI,SSD0012,MASAURHI,SP00037,KADIRGANJ
S,SBPDCL,SC02,PATNA,SD005,MASAURHI,SSD0012,MASAURHI,SP00038,MASAURHI OLD 
S,SBPDCL,SC02,PATNA,SD005,MASAURHI,SSD0012,MASAURHI,SP00039,DHANARUA
S,SBPDCL,SC02,PATNA,SD005,MASAURHI,SSD0012,MASAURHI,SP00040,MASAURHI NEW
S,SBPDCL,SC02,PATNA,SD005,MASAURHI,SSD0012,MASAURHI,SP00041,DARIYAPUR
S,SBPDCL,SC02,PATNA,SD005,MASAURHI,SSD0013,PUNPUN,SP00042,KEORA 
S,SBPDCL,SC02,PATNA,SD005,MASAURHI,SSD0013,PUNPUN,SP00043,PARSA BAZAR
S,SBPDCL,SC02,PATNA,SD005,MASAURHI,SSD0013,PUNPUN,SP00044,PAHARI
S,SBPDCL,SC02,PATNA,SD005,MASAURHI,SSD0013,PUNPUN,SP00045,BEUR
S,SBPDCL,SC02,PATNA,SD005,MASAURHI,SSD0013,PUNPUN,SP00046,BHUSAULA
S,SBPDCL,SC02,PATNA,SD005,MASAURHI,SSD0013,PUNPUN,SP00047,KURANAWADA PUNPUN
S,SBPDCL,SC02,PATNA,SD006,PATNA,SSD0014,BHUSAULA,SP00048,NEORA
S,SBPDCL,SC02,PATNA,SD006,PATNA,SSD0014,BHUSAULA,SP00049,FARIDPUR
S,SBPDCL,SC02,PATNA,SD006,PATNA,SSD0015,NAUBATPUR,SP00050,NAUBATPUR
S,SBPDCL,SC02,PATNA,SD006,PATNA,SSD0015,NAUBATPUR,SP00051,RUSTAMGANJ
S,SBPDCL,SC03,ARA,SD007,ARRAH,SSD0016,ARA(U1),SP00052,POWERGANJ 
S,SBPDCL,SC03,ARA,SD007,ARRAH,SSD0016,ARA(U1),SP00053,ZERO MILE 
S,SBPDCL,SC03,ARA,SD007,ARRAH,SSD0017,ARA(R),SP00054,SARAIYA 
S,SBPDCL,SC03,ARA,SD007,ARRAH,SSD0017,ARA(R),SP00055,BARHARA 
S,SBPDCL,SC03,ARA,SD007,ARRAH,SSD0017,ARA(R),SP00056,SANDESH 
S,SBPDCL,SC03,ARA,SD007,ARRAH,SSD0017,ARA(R),SP00057,AKHGAON 
S,SBPDCL,SC03,ARA,SD007,ARRAH,SSD0017,ARA(R),SP00058,BIHIYA
S,SBPDCL,SC03,ARA,SD007,ARRAH,SSD0017,ARA(R),SP00059,GARHANI
S,SBPDCL,SC03,ARA,SD007,ARRAH,SSD0017,ARA(R),SP00060,AGIAON
S,SBPDCL,SC03,ARA,SD007,ARRAH,SSD0017,ARA(R),SP00061,GIDHA
S,SBPDCL,SC03,ARA,SD007,ARRAH,SSD0017,ARA(R),SP00062,KOILWAR  
S,SBPDCL,SC03,ARA,SD007,ARRAH,SSD0017,ARA(R),SP00063,KARISATH
S,SBPDCL,SC03,ARA,SD007,ARRAH,SSD0017,ARA(R),SP00064,DHAMAR
S,SBPDCL,SC03,ARA,SD007,ARRAH,SSD0017,ARA(R),SP00065,BAHIYARA
S,SBPDCL,SC03,ARA,SD007,ARRAH,SSD0017,ARA(R),SP00066,BHAKURA
S,SBPDCL,SC03,ARA,SD008,BUXAR,SSD0018,BUXAR(U),SP00067,CHARITRAVAN
S,SBPDCL,SC03,ARA,SD008,BUXAR,SSD0018,BUXAR(U),SP00068,INDUSTRIAL
S,SBPDCL,SC03,ARA,SD008,BUXAR,SSD0019,BUXAR(R),SP00069,ITARHI 
S,SBPDCL,SC03,ARA,SD008,BUXAR,SSD0019,BUXAR(R),SP00070,PURUSOTTAMPUR
S,SBPDCL,SC03,ARA,SD008,BUXAR,SSD0019,BUXAR(R),SP00071,CHAUSA
S,SBPDCL,SC03,ARA,SD008,BUXAR,SSD0019,BUXAR(R),SP00072,PANDEYPATTI
S,SBPDCL,SC03,ARA,SD008,BUXAR,SSD0019,BUXAR(R),SP00073,PRATAP SAGAR
S,SBPDCL,SC03,ARA,SD008,BUXAR,SSD0020,DUMARO,SP00074,DUMRAON 
S,SBPDCL,SC03,ARA,SD008,BUXAR,SSD0020,DUMARO,SP00075,NAWANAGAR
S,SBPDCL,SC03,ARA,SD008,BUXAR,SSD0020,DUMARO,SP00076,EKRASI 
S,SBPDCL,SC03,ARA,SD008,BUXAR,SSD0020,DUMARO,SP00077,MURAR
S,SBPDCL,SC03,ARA,SD008,BUXAR,SSD0020,DUMARO,SP00078,SIMARI
S,SBPDCL,SC03,ARA,SD008,BUXAR,SSD0020,DUMARO,SP00079,NUWAN
S,SBPDCL,SC03,ARA,SD008,BUXAR,SSD0020,DUMARO,SP00080,DHAKICH
S,SBPDCL,SC03,ARA,SD008,BUXAR,SSD0020,DUMARO,SP00081,BRAHAMPUR 
S,SBPDCL,SC03,ARA,SD008,BUXAR,SSD0020,DUMARO,SP00082,CHAKKI
S,SBPDCL,SC03,ARA,SD008,BUXAR,SSD0020,DUMARO,SP00083,KESATH
S,SBPDCL,SC03,ARA,SD008,BUXAR,SSD0020,DUMARO,SP00084,SOWAN
S,SBPDCL,SC03,ARA,SD008,BUXAR,SSD0020,DUMARO,SP00085,BMP-4
S,SBPDCL,SC03,ARA,SD008,BUXAR,SSD0021,ITARHI,SP00086,JAIPUR
S,SBPDCL,SC04,BIHARSARIF,SD009,BIHARSARIF,SSD0022,BIHARSHARIF(U1),SP00087,SOHSARAI
S,SBPDCL,SC04,BIHARSARIF,SD009,BIHARSARIF,SSD0023,BIHARSHARIF(U2),SP00088,RAMCHANDRAPUR
S,SBPDCL,SC04,BIHARSARIF,SD009,BIHARSARIF,SSD0024,BIHARSHARIF(R),SP00089,TETRAWAN 
S,SBPDCL,SC04,BIHARSARIF,SD009,BIHARSARIF,SSD0024,BIHARSHARIF(R),SP00090,RAITAR
S,SBPDCL,SC04,BIHARSARIF,SD009,BIHARSARIF,SSD0024,BIHARSHARIF(R),SP00091,NAGARNAUSA
S,SBPDCL,SC04,BIHARSARIF,SD009,BIHARSARIF,SSD0024,BIHARSHARIF(R),SP00092,KARANBIGHA
S,SBPDCL,SC04,BIHARSARIF,SD009,BIHARSARIF,SSD0024,BIHARSHARIF(R),SP00093,BIJWANPAR
S,SBPDCL,SC04,BIHARSARIF,SD009,BIHARSARIF,SSD0024,BIHARSHARIF(R),SP00094,CHAINPUR
S,SBPDCL,SC04,BIHARSARIF,SD009,BIHARSARIF,SSD0024,BIHARSHARIF(R),SP00095,RAHUI
S,SBPDCL,SC04,BIHARSARIF,SD009,BIHARSARIF,SSD0024,BIHARSHARIF(R),SP00096,NOORSARAI
S,SBPDCL,SC04,BIHARSARIF,SD009,BIHARSARIF,SSD0024,BIHARSHARIF(R),SP00097,CHANDI
S,SBPDCL,SC04,BIHARSARIF,SD009,BIHARSARIF,SSD0024,BIHARSHARIF(R),SP00098,DHAMAULI
S,SBPDCL,SC04,BIHARSARIF,SD009,BIHARSARIF,SSD0024,BIHARSHARIF(R),SP00099,BARI PAHARI
S,SBPDCL,SC04,BIHARSARIF,SD009,BIHARSARIF,SSD0024,BIHARSHARIF(R),SP00100,BIND
S,SBPDCL,SC04,BIHARSARIF,SD009,BIHARSARIF,SSD0024,BIHARSHARIF(R),SP00101,HARNAUT
S,SBPDCL,SC04,BIHARSARIF,SD009,BIHARSARIF,SSD0024,BIHARSHARIF(R),SP00102,CHERAN
S,SBPDCL,SC04,BIHARSARIF,SD009,BIHARSARIF,SSD0024,BIHARSHARIF(R),SP00103,KALYANBIGHA
S,SBPDCL,SC04,BIHARSARIF,SD009,BIHARSARIF,SSD0025,CHANDI,SP00104,THARTHARI
S,SBPDCL,SC04,BIHARSARIF,SD009,BIHARSARIF,SSD0025,CHANDI,SP00105,HILSA
S,SBPDCL,SC04,BIHARSARIF,SD009,BIHARSARIF,SSD0025,CHANDI,SP00106,PARWALPUR
S,SBPDCL,SC04,BIHARSARIF,SD009,BIHARSARIF,SSD0026,ASTHAWAN,SP00107,SARMERA
S,SBPDCL,SC04,BIHARSARIF,SD009,BIHARSARIF,SSD0026,ASTHAWAN,SP00108,MALTI
S,SBPDCL,SC04,BIHARSARIF,SD009,BIHARSARIF,SSD0026,ASTHAWAN,SP00109,GOPALBAD
S,SBPDCL,SC04,BIHARSARIF,SD009,BIHARSARIF,SSD0026,ASTHAWAN,SP00110,ASTHAWAN
S,SBPDCL,SC04,BIHARSARIF,SD009,BIHARSARIF,SSD0026,ASTHAWAN,SP00111,GILANI
S,SBPDCL,SC04,BIHARSARIF,SD009,BIHARSARIF,SSD0026,ASTHAWAN,SP00112,SARBAHDI
S,SBPDCL,SC04,BIHARSARIF,SD010,RAJGIR,SSD0027,RAJGIR,SP00113,BHINDIDIH 
S,SBPDCL,SC04,BIHARSARIF,SD010,RAJGIR,SSD0027,RAJGIR,SP00114,ANDWAS    
S,SBPDCL,SC04,BIHARSARIF,SD010,RAJGIR,SSD0027,RAJGIR,SP00115,BEN
S,SBPDCL,SC04,BIHARSARIF,SD010,RAJGIR,SSD0027,RAJGIR,SP00116,RAJGIR     
S,SBPDCL,SC04,BIHARSARIF,SD010,RAJGIR,SSD0027,RAJGIR,SP00117,SILAO
S,SBPDCL,SC04,BIHARSARIF,SD010,RAJGIR,SSD0027,RAJGIR,SP00118,NALANDA
S,SBPDCL,SC04,BIHARSARIF,SD010,RAJGIR,SSD0028,NALANDA,SP00119,GHOSRAMA  
S,SBPDCL,SC04,BIHARSARIF,SD010,RAJGIR,SSD0028,NALANDA,SP00120,BADI 
S,SBPDCL,SC04,BIHARSARIF,SD010,RAJGIR,SSD0028,NALANDA,SP00121,KATRISARAI  
S,SBPDCL,SC04,BIHARSARIF,SD010,RAJGIR,SSD0028,NALANDA,SP00122,SAIDPUR  
S,SBPDCL,SC04,BIHARSARIF,SD010,RAJGIR,SSD0028,NALANDA,SP00123,MEGHI NAGAWAN
S,SBPDCL,SC04,BIHARSARIF,SD011,EKANGARSARAI,SSD0029,EKANGARSARAI,SP00124,TELHARA
S,SBPDCL,SC04,BIHARSARIF,SD011,EKANGARSARAI,SSD0029,EKANGARSARAI,SP00125,MUSHARI
S,SBPDCL,SC04,BIHARSARIF,SD011,EKANGARSARAI,SSD0029,EKANGARSARAI,SP00126,JAMUAWA
S,SBPDCL,SC04,BIHARSARIF,SD011,EKANGARSARAI,SSD0029,EKANGARSARAI,SP00127,EKANGARSARAI   
S,SBPDCL,SC04,BIHARSARIF,SD011,EKANGARSARAI,SSD0030,ISLAMPUR,SP00128,PANCHLOVA
S,SBPDCL,SC04,BIHARSARIF,SD011,EKANGARSARAI,SSD0030,ISLAMPUR,SP00129,ISLAMPUR
S,SBPDCL,SC04,BIHARSARIF,SD011,EKANGARSARAI,SSD0030,ISLAMPUR,SP00130,KHUDAGANJ  
S,SBPDCL,SC04,BIHARSARIF,SD011,EKANGARSARAI,SSD0031,HILSA,SP00131,MAKRATA
S,SBPDCL,SC04,BIHARSARIF,SD011,EKANGARSARAI,SSD0031,HILSA,SP00132,CHICKSAURA BAZAR
S,SBPDCL,SC04,BIHARSARIF,SD012,NAWADA,SSD0032,NAWADA,SP00133,NAWADA OLD
S,SBPDCL,SC04,BIHARSARIF,SD012,NAWADA,SSD0032,NAWADA,SP00134,HISUA  
S,SBPDCL,SC04,BIHARSARIF,SD012,NAWADA,SSD0032,NAWADA,SP00135,NARDIGANJ 
S,SBPDCL,SC04,BIHARSARIF,SD012,NAWADA,SSD0032,NAWADA,SP00136,KHANWAN/NARHAT   
S,SBPDCL,SC04,BIHARSARIF,SD012,NAWADA,SSD0032,NAWADA,SP00137,NAWADA NEW  
S,SBPDCL,SC04,BIHARSARIF,SD012,NAWADA,SSD0032,NAWADA,SP00138,ORHANPUR  
S,SBPDCL,SC04,BIHARSARIF,SD012,NAWADA,SSD0032,NAWADA,SP00139,MAYABIGHA
S,SBPDCL,SC04,BIHARSARIF,SD012,NAWADA,SSD0032,NAWADA,SP00140,MANJHWAY
S,SBPDCL,SC04,BIHARSARIF,SD012,NAWADA,SSD0032,NAWADA,SP00141,MESKAUR(NEW)
S,SBPDCL,SC04,BIHARSARIF,SD012,NAWADA,SSD0033,RAJAULI,SP00142,AKBARPUR 
S,SBPDCL,SC04,BIHARSARIF,SD012,NAWADA,SSD0033,RAJAULI,SP00143,RAJAULI   
S,SBPDCL,SC04,BIHARSARIF,SD012,NAWADA,SSD0033,RAJAULI,SP00144,SIRDALA
S,SBPDCL,SC04,BIHARSARIF,SD012,NAWADA,SSD0033,RAJAULI,SP00145,GOVINDPUR
S,SBPDCL,SC04,BIHARSARIF,SD012,NAWADA,SSD0033,RAJAULI,SP00146,ANDHARWARI(NEW)
S,SBPDCL,SC04,BIHARSARIF,SD012,NAWADA,SSD0034,WARSALIGANJ,SP00147,WARISALIGANJ
S,SBPDCL,SC04,BIHARSARIF,SD012,NAWADA,SSD0034,WARSALIGANJ,SP00148,ROH
S,SBPDCL,SC04,BIHARSARIF,SD012,NAWADA,SSD0034,WARSALIGANJ,SP00149,PAKRIWARAWAN-
S,SBPDCL,SC04,BIHARSARIF,SD012,NAWADA,SSD0034,WARSALIGANJ,SP00150,KAWAKOL
S,SBPDCL,SC04,BIHARSARIF,SD012,NAWADA,SSD0034,WARSALIGANJ,SP00151,GHUSHKHURI
S,SBPDCL,SC04,BIHARSARIF,SD012,NAWADA,SSD0034,WARSALIGANJ,SP00152,KASHICHAK
S,SBPDCL,SC04,BIHARSARIF,SD012,NAWADA,SSD0034,WARSALIGANJ,SP00153,THERA(NEW)
S,SBPDCL,SC04,BIHARSARIF,SD012,NAWADA,SSD0034,WARSALIGANJ,SP00154,KACHANA (NEW)
S,SBPDCL,SC05,SASARAM,SD013,SASARAM,SSD0035,SASARAM(U),SP00155,BEDA
S,SBPDCL,SC05,SASARAM,SD013,SASARAM,SSD0035,SASARAM(U),SP00156,TAKIYA
S,SBPDCL,SC05,SASARAM,SD013,SASARAM,SSD0036,SASARAM(R),SP00157,NOKHA 
S,SBPDCL,SC05,SASARAM,SD013,SASARAM,SSD0036,SASARAM(R),SP00158,NAUGAI
S,SBPDCL,SC05,SASARAM,SD013,SASARAM,SSD0036,SASARAM(R),SP00159,SHIVSAGAR
S,SBPDCL,SC05,SASARAM,SD013,SASARAM,SSD0036,SASARAM(R),SP00160,CHENARI
S,SBPDCL,SC05,SASARAM,SD013,SASARAM,SSD0036,SASARAM(R),SP00161,SP JAIN
S,SBPDCL,SC05,SASARAM,SD013,SASARAM,SSD0037,BIKRAMGANJ,SP00162,BIKRAMGANJ
S,SBPDCL,SC05,SASARAM,SD013,SASARAM,SSD0037,BIKRAMGANJ,SP00163,DINARA 
S,SBPDCL,SC05,SASARAM,SD013,SASARAM,SSD0037,BIKRAMGANJ,SP00164,DAWATH 
S,SBPDCL,SC05,SASARAM,SD013,SASARAM,SSD0037,BIKRAMGANJ,SP00165,SURJAPURA
S,SBPDCL,SC05,SASARAM,SD013,SASARAM,SSD0037,BIKRAMGANJ,SP00166,SANJHAULI 
S,SBPDCL,SC05,SASARAM,SD013,SASARAM,SSD0037,BIKRAMGANJ,SP00167,NATWAR
S,SBPDCL,SC05,SASARAM,SD013,SASARAM,SSD0038,KOCHAS,SP00168,PARSATHUA
S,SBPDCL,SC05,SASARAM,SD013,SASARAM,SSD0038,KOCHAS,SP00169,KOCHAS
S,SBPDCL,SC05,SASARAM,SD013,SASARAM,SSD0038,KOCHAS,SP00170,KARAGHAR
S,SBPDCL,SC05,SASARAM,SD014,DEHRIONSONE,SSD0039,DEHRI(1),SP00171,BMP
S,SBPDCL,SC05,SASARAM,SD014,DEHRIONSONE,SSD0039,DEHRI(1),SP00172,AKHORIGOLA
S,SBPDCL,SC05,SASARAM,SD014,DEHRIONSONE,SSD0039,DEHRI(1),SP00173,RAJPUR
S,SBPDCL,SC05,SASARAM,SD014,DEHRIONSONE,SSD0039,DEHRI(1),SP00174,MAKRAIN
S,SBPDCL,SC05,SASARAM,SD014,DEHRIONSONE,SSD0039,DEHRI(1),SP00175,DARIHAT
S,SBPDCL,SC05,SASARAM,SD014,DEHRIONSONE,SSD0039,DEHRI(1),SP00176,PAHLEZA
S,SBPDCL,SC05,SASARAM,SD014,DEHRIONSONE,SSD0040,DEHRI(2),SP00177,INDRAPURI
S,SBPDCL,SC05,SASARAM,SD014,DEHRIONSONE,SSD0040,DEHRI(2),SP00178,PHED
S,SBPDCL,SC05,SASARAM,SD014,DEHRIONSONE,SSD0040,DEHRI(2),SP00179,KARWANDIA
S,SBPDCL,SC05,SASARAM,SD014,DEHRIONSONE,SSD0040,DEHRI(2),SP00180,SAMHAUTA
S,SBPDCL,SC05,SASARAM,SD014,DEHRIONSONE,SSD0040,DEHRI(2),SP00181,NAUHATTA
S,SBPDCL,SC05,SASARAM,SD014,DEHRIONSONE,SSD0040,DEHRI(2),SP00182,KERPABALL
S,SBPDCL,SC05,SASARAM,SD014,DEHRIONSONE,SSD0040,DEHRI(2),SP00183,CHUTIYA
S,SBPDCL,SC05,SASARAM,SD014,DEHRIONSONE,SSD0040,DEHRI(2),SP00184,MIRJAPUR
S,SBPDCL,SC05,SASARAM,SD014,DEHRIONSONE,SSD0041,NASRIGANJ,SP00185,GORARI
S,SBPDCL,SC05,SASARAM,SD014,DEHRIONSONE,SSD0041,NASRIGANJ,SP00186,NASRIGANJ
S,SBPDCL,SC05,SASARAM,SD014,DEHRIONSONE,SSD0041,NASRIGANJ,SP00187,KACHHAWA
S,SBPDCL,SC05,SASARAM,SD014,DEHRIONSONE,SSD0041,NASRIGANJ,SP00188,SAKLA
S,SBPDCL,SC05,SASARAM,SD015,BHABUA,SSD0042,BHABUA(R),SP00189,BHABUA OLD
S,SBPDCL,SC05,SASARAM,SD015,BHABUA,SSD0042,BHABUA(R),SP00190,ADHAURA 
S,SBPDCL,SC05,SASARAM,SD015,BHABUA,SSD0042,BHABUA(R),SP00191,BHABUA NEW
S,SBPDCL,SC05,SASARAM,SD015,BHABUA,SSD0042,BHABUA(R),SP00192,CHAND
S,SBPDCL,SC05,SASARAM,SD015,BHABUA,SSD0042,BHABUA(R),SP00193,KARAMCHAT 
S,SBPDCL,SC05,SASARAM,SD015,BHABUA,SSD0042,BHABUA(R),SP00194,MANIHARI
S,SBPDCL,SC05,SASARAM,SD015,BHABUA,SSD0042,BHABUA(R),SP00195,SONHAN
S,SBPDCL,SC05,SASARAM,SD015,BHABUA,SSD0042,BHABUA(R),SP00196,SHIVRAMPUR
S,SBPDCL,SC05,SASARAM,SD015,BHABUA,SSD0042,BHABUA(R),SP00197,HATA
S,SBPDCL,SC05,SASARAM,SD015,BHABUA,SSD0042,BHABUA(R),SP00198,KHARANTI
S,SBPDCL,SC05,SASARAM,SD015,BHABUA,SSD0043,MOHANIA,SP00199,MOHANIA
S,SBPDCL,SC05,SASARAM,SD015,BHABUA,SSD0043,MOHANIA,SP00200,BAHUARA 
S,SBPDCL,SC05,SASARAM,SD015,BHABUA,SSD0043,MOHANIA,SP00201,KALYANPUR
S,SBPDCL,SC05,SASARAM,SD015,BHABUA,SSD0043,MOHANIA,SP00202,CHAYRASIYA
S,SBPDCL,SC05,SASARAM,SD015,BHABUA,SSD0043,MOHANIA,SP00203,DURGAWATI
S,SBPDCL,SC05,SASARAM,SD015,BHABUA,SSD0043,MOHANIA,SP00204,KARAMNASA
S,SBPDCL,SC05,SASARAM,SD015,BHABUA,SSD0043,MOHANIA,SP00205,KAKARAIT
S,SBPDCL,SC05,SASARAM,SD015,BHABUA,SSD0043,MOHANIA,SP00206,LARMA
S,SBPDCL,SC05,SASARAM,SD015,BHABUA,SSD0043,MOHANIA,SP00207,SARAHULA
S,SBPDCL,SC05,SASARAM,SD015,BHABUA,SSD0043,MOHANIA,SP00208,KALANI
S,SBPDCL,SC05,SASARAM,SD015,BHABUA,SSD0043,MOHANIA,SP00209,KUSHARIYA
S,SBPDCL,SC05,SASARAM,SD015,BHABUA,SSD0044,KUDRA,SP00210,KUDRA
S,SBPDCL,SC05,SASARAM,SD015,BHABUA,SSD0044,KUDRA,SP00211,PUSHAULI
S,SBPDCL,SC05,SASARAM,SD015,BHABUA,SSD0044,KUDRA,SP00212,BAIJNATHPUR
S,SBPDCL,SC05,SASARAM,SD015,BHABUA,SSD0044,KUDRA,SP00213,SOHSA
S,SBPDCL,SC05,SASARAM,SD015,BHABUA,SSD0044,KUDRA,SP00214,NADOKHAR
S,SBPDCL,SC05,SASARAM,SD015,BHABUA,SSD0045,RAMGARH,SP00215,RAMGARH
S,SBPDCL,SC05,SASARAM,SD015,BHABUA,SSD0045,RAMGARH,SP00216,NUAOW
S,SBPDCL,SC05,SASARAM,SD015,BHABUA,SSD0046,BHABHUA(U),SP00217,KARAMCHAT
S,SBPDCL,SC05,SASARAM,SD015,BHABUA,SSD0046,BHABHUA(U),SP00218,BHAGWANPUR
S,SBPDCL,SC05,SASARAM,SD015,BHABUA,SSD0046,BHABHUA(U),SP00219,KHAJURA
S,SBPDCL,SC05,SASARAM,SD015,BHABUA,SSD0046,BHABHUA(U),SP00220,MUNDESHWARI
S,SBPDCL,SC06,GAYA,SD016,GAYA(U),SSD0047,POWER HOUSE,SP00221,CENTRAL STORE
S,SBPDCL,SC06,GAYA,SD016,GAYA(U),SSD0047,POWER HOUSE,SP00222,CHANDAUTI
S,SBPDCL,SC06,GAYA,SD016,GAYA(U),SSD0047,POWER HOUSE,SP00223,RAILWAY MAIDAN
S,SBPDCL,SC06,GAYA,SD016,GAYA(U),SSD0047,POWER HOUSE,SP00224,GANDHI MAIDAN
S,SBPDCL,SC06,GAYA,SD016,GAYA(U),SSD0047,POWER HOUSE,SP00225,A P COLONY
S,SBPDCL,SC06,GAYA,SD016,GAYA(U),SSD0047,POWER HOUSE,SP00226,MEDICAL
S,SBPDCL,SC06,GAYA,SD016,GAYA(U),SSD0048,GOLPATHAR,SP00227,PANCHAITIYA AKHADA
S,SBPDCL,SC06,GAYA,SD016,GAYA(U),SSD0049,CHANDCHAURA,SP00228,DANDIBAGH
S,SBPDCL,SC06,GAYA,SD016,GAYA(U),SSD0050,BODHGAYA,SP00229,80 FEET
S,SBPDCL,SC06,GAYA,SD016,GAYA(U),SSD0050,BODHGAYA,SP00230,MAGADH UNIVERSITY
S,SBPDCL,SC06,GAYA,SD016,GAYA(U),SSD0050,BODHGAYA,SP00231,TEKUNA GRID
S,SBPDCL,SC06,GAYA,SD017,GAYA(R),SSD0051,TEKARI,SP00232, GURARU 
S,SBPDCL,SC06,GAYA,SD017,GAYA(R),SSD0051,TEKARI,SP00233,TEKARI
S,SBPDCL,SC06,GAYA,SD017,GAYA(R),SSD0051,TEKARI,SP00234,KONCH
S,SBPDCL,SC06,GAYA,SD017,GAYA(R),SSD0051,TEKARI,SP00235,PARAIYA 
S,SBPDCL,SC06,GAYA,SD017,GAYA(R),SSD0051,TEKARI,SP00236,AANTI
S,SBPDCL,SC06,GAYA,SD017,GAYA(R),SSD0051,TEKARI,SP00237,BHAWANPUR
S,SBPDCL,SC06,GAYA,SD017,GAYA(R),SSD0051,TEKARI,SP00238,DIHA
S,SBPDCL,SC06,GAYA,SD017,GAYA(R),SSD0051,TEKARI,SP00239,MAU
S,SBPDCL,SC06,GAYA,SD017,GAYA(R),SSD0051,TEKARI,SP00240,CENTRAL UNIVERSITY
S,SBPDCL,SC06,GAYA,SD017,GAYA(R),SSD0052,GAYA(R),SP00241,BELAGANJ
S,SBPDCL,SC06,GAYA,SD017,GAYA(R),SSD0052,GAYA(R),SP00242,PAI BIGHA
S,SBPDCL,SC06,GAYA,SD017,GAYA(R),SSD0052,GAYA(R),SP00243,CHAKAND 
S,SBPDCL,SC06,GAYA,SD017,GAYA(R),SSD0052,GAYA(R),SP00244,KANDINAWADA
S,SBPDCL,SC06,GAYA,SD017,GAYA(R),SSD0052,GAYA(R),SP00245,PANARI
S,SBPDCL,SC06,GAYA,SD017,GAYA(R),SSD0052,GAYA(R),SP00246,PREETSHEELA
S,SBPDCL,SC06,GAYA,SD017,GAYA(R),SSD0052,GAYA(R),SP00247,MAIN
S,SBPDCL,SC06,GAYA,SD018,SHERGHATI,SSD0053,SHERGHATI,SP00248,CHERKI
S,SBPDCL,SC06,GAYA,SD018,SHERGHATI,SSD0053,SHERGHATI,SP00249,DOBHI 
S,SBPDCL,SC06,GAYA,SD018,SHERGHATI,SSD0053,SHERGHATI,SP00250,SOBH  
S,SBPDCL,SC06,GAYA,SD018,SHERGHATI,SSD0053,SHERGHATI,SP00251,CHERKERIYA
S,SBPDCL,SC06,GAYA,SD018,SHERGHATI,SSD0053,SHERGHATI,SP00252,SHERGHATI
S,SBPDCL,SC06,GAYA,SD018,SHERGHATI,SSD0053,SHERGHATI,SP00253,GURUA
S,SBPDCL,SC06,GAYA,SD018,SHERGHATI,SSD0053,SHERGHATI,SP00254,AMAS
S,SBPDCL,SC06,GAYA,SD018,SHERGHATI,SSD0054,IMAMGANJ,SP00255,BALTHARWA
S,SBPDCL,SC06,GAYA,SD018,SHERGHATI,SSD0054,IMAMGANJ,SP00256,IMAMGANJ
S,SBPDCL,SC06,GAYA,SD018,SHERGHATI,SSD0054,IMAMGANJ,SP00257,DUMARIYA
S,SBPDCL,SC06,GAYA,SD018,SHERGHATI,SSD0054,IMAMGANJ,SP00258,KOTHI
S,SBPDCL,SC06,GAYA,SD018,SHERGHATI,SSD0055,DOBHI,SP00259,BARWADIH
S,SBPDCL,SC06,GAYA,SD018,SHERGHATI,SSD0055,DOBHI,SP00260,KARMOUNI
S,SBPDCL,SC07,AURANGABAD,SD019,AURANGABAD,SSD0056,AURANGABAD,SP00261,AURANGABD   
S,SBPDCL,SC07,AURANGABAD,SD019,AURANGABAD,SSD0056,AURANGABAD,SP00262,GANGATI  
S,SBPDCL,SC07,AURANGABAD,SD019,AURANGABAD,SSD0056,AURANGABAD,SP00263,DEO
S,SBPDCL,SC07,AURANGABAD,SD019,AURANGABAD,SSD0056,AURANGABAD,SP00264,UCHAULI
S,SBPDCL,SC07,AURANGABAD,SD019,AURANGABAD,SSD0056,AURANGABAD,SP00265,MADANPUR 
S,SBPDCL,SC07,AURANGABAD,SD019,AURANGABAD,SSD0056,AURANGABAD,SP00266,PHESAR
S,SBPDCL,SC07,AURANGABAD,SD019,AURANGABAD,SSD0056,AURANGABAD,SP00267,BIADA
S,SBPDCL,SC07,AURANGABAD,SD019,AURANGABAD,SSD0056,AURANGABAD,SP00268,SOKHIYA 
S,SBPDCL,SC07,AURANGABAD,SD019,AURANGABAD,SSD0057,BARUN,SP00269,BARUN
S,SBPDCL,SC07,AURANGABAD,SD019,AURANGABAD,SSD0057,BARUN,SP00270,PRITAMPUR (TENGRA)_P323
S,SBPDCL,SC07,AURANGABAD,SD019,AURANGABAD,SSD0057,BARUN,SP00271,KUDWAN
S,SBPDCL,SC07,AURANGABAD,SD019,AURANGABAD,SSD0057,BARUN,SP00272,DIHRA
S,SBPDCL,SC07,AURANGABAD,SD019,AURANGABAD,SSD0058,NAVINAGAR,SP00273,NAVINAGAR
S,SBPDCL,SC07,AURANGABAD,SD019,AURANGABAD,SSD0058,NAVINAGAR,SP00274,AMBA
S,SBPDCL,SC07,AURANGABAD,SD019,AURANGABAD,SSD0058,NAVINAGAR,SP00275,BAREM
S,SBPDCL,SC07,AURANGABAD,SD019,AURANGABAD,SSD0058,NAVINAGAR,SP00276,JAMUA
S,SBPDCL,SC07,AURANGABAD,SD019,AURANGABAD,SSD0058,NAVINAGAR,SP00277,BAIRAWAN
S,SBPDCL,SC07,AURANGABAD,SD019,AURANGABAD,SSD0058,NAVINAGAR,SP00278,TANDWA
S,SBPDCL,SC07,AURANGABAD,SD019,AURANGABAD,SSD0058,NAVINAGAR,SP00279,MALI
S,SBPDCL,SC07,AURANGABAD,SD019,AURANGABAD,SSD0058,NAVINAGAR,SP00280,BAIRIYA
S,SBPDCL,SC06,GAYA,SD020,JAHANABAD,SSD0059,JEHANABAD,SP00281,JEHANABAD  
S,SBPDCL,SC06,GAYA,SD020,JAHANABAD,SSD0059,JEHANABAD,SP00282,KAKO   
S,SBPDCL,SC06,GAYA,SD020,JAHANABAD,SSD0059,JEHANABAD,SP00283,SHAKURABAD
S,SBPDCL,SC06,GAYA,SD020,JAHANABAD,SSD0059,JEHANABAD,SP00284,SHIKARIYA 
S,SBPDCL,SC06,GAYA,SD020,JAHANABAD,SSD0059,JEHANABAD,SP00285,EARKI   
S,SBPDCL,SC06,GAYA,SD020,JAHANABAD,SSD0059,JEHANABAD,SP00286,NOWAMA
S,SBPDCL,SC06,GAYA,SD020,JAHANABAD,SSD0059,JEHANABAD,SP00287,BHADSARA 
S,SBPDCL,SC06,GAYA,SD020,JAHANABAD,SSD0059,JEHANABAD,SP00288,DAKHNI
S,SBPDCL,SC06,GAYA,SD020,JAHANABAD,SSD0059,JEHANABAD,SP00289,LODHIPUR LANJO 
S,SBPDCL,SC06,GAYA,SD020,JAHANABAD,SSD0059,JEHANABAD,SP00290,KINARI
S,SBPDCL,SC06,GAYA,SD020,JAHANABAD,SSD0059,JEHANABAD,SP00291,MURHARA
S,SBPDCL,SC06,GAYA,SD020,JAHANABAD,SSD0059,JEHANABAD,SP00292,DHANADIHARI
S,SBPDCL,SC06,GAYA,SD020,JAHANABAD,SSD0060,MAKDUMPUR,SP00293,CHARUI  
S,SBPDCL,SC06,GAYA,SD020,JAHANABAD,SSD0060,MAKDUMPUR,SP00294, HULAGANJ 
S,SBPDCL,SC06,GAYA,SD020,JAHANABAD,SSD0060,MAKDUMPUR,SP00295, GHOSHI
S,SBPDCL,SC06,GAYA,SD020,JAHANABAD,SSD0060,MAKDUMPUR,SP00296, SONWA
S,SBPDCL,SC06,GAYA,SD020,JAHANABAD,SSD0060,MAKDUMPUR,SP00297,DONGRA
S,SBPDCL,SC06,GAYA,SD020,JAHANABAD,SSD0060,MAKDUMPUR,SP00298,MAKHDUMPUR
S,SBPDCL,SC06,GAYA,SD020,JAHANABAD,SSD0060,MAKDUMPUR,SP00299,TEHTA
S,SBPDCL,SC06,GAYA,SD020,JAHANABAD,SSD0060,MAKDUMPUR,SP00300,MAKPA  
S,SBPDCL,SC06,GAYA,SD020,JAHANABAD,SSD0060,MAKDUMPUR,SP00301,DHODHA 
S,SBPDCL,SC06,GAYA,SD020,JAHANABAD,SSD0060,MAKDUMPUR,SP00302,DHARAUT
S,SBPDCL,SC06,GAYA,SD020,JAHANABAD,SSD0060,MAKDUMPUR,SP00303,SAGARPUR
S,SBPDCL,SC06,GAYA,SD020,JAHANABAD,SSD0060,MAKDUMPUR,SP00304,BARAWAR
S,SBPDCL,SC06,GAYA,SD020,JAHANABAD,SSD0060,MAKDUMPUR,SP00305,PAKHANPURA
S,SBPDCL,SC06,GAYA,SD020,JAHANABAD,SSD0060,MAKDUMPUR,SP00306,CHHATIYANA
S,SBPDCL,SC07,AURANGABAD,SD021,ARWAL,SSD0061,ARWAL,SP00307,ARWAL
S,SBPDCL,SC07,AURANGABAD,SD021,ARWAL,SSD0061,ARWAL,SP00308,ATAULLAH  
S,SBPDCL,SC07,AURANGABAD,SD021,ARWAL,SSD0061,ARWAL,SP00309,KURTHA
S,SBPDCL,SC07,AURANGABAD,SD021,ARWAL,SSD0061,ARWAL,SP00310,KARPI
S,SBPDCL,SC07,AURANGABAD,SD021,ARWAL,SSD0061,ARWAL,SP00311,PAHLEJA
S,SBPDCL,SC07,AURANGABAD,SD021,ARWAL,SSD0061,ARWAL,SP00312,RAMPUR CHURAM
S,SBPDCL,SC07,AURANGABAD,SD021,ARWAL,SSD0061,ARWAL,SP00313,KAYAL
S,SBPDCL,SC07,AURANGABAD,SD021,ARWAL,SSD0061,ARWAL,SP00314,BHORBIGHA
S,SBPDCL,SC07,AURANGABAD,SD021,ARWAL,SSD0061,ARWAL,SP00315,LODHIPUR
S,SBPDCL,SC08,BHAGALPUR,SD022,BHAGALPUR(U),SSD0062,SULTANGANJ,SP00316,SAHKUN
S,SBPDCL,SC08,BHAGALPUR,SD022,BHAGALPUR(U),SSD0062,SULTANGANJ,SP00317,SULTANGANJ
S,SBPDCL,SC08,BHAGALPUR,SD022,BHAGALPUR(U),SSD0062,SULTANGANJ,SP00318,ASARGANJ
S,SBPDCL,SC08,BHAGALPUR,SD022,BHAGALPUR(U),SSD0062,SULTANGANJ,SP00319,DINDAYALPUR
S,SBPDCL,SC08,BHAGALPUR,SD022,BHAGALPUR(U),SSD0062,SULTANGANJ,SP00320,SAJOUR
S,SBPDCL,SC08,BHAGALPUR,SD022,BHAGALPUR(U),SSD0063,TILKAMANJHI,SP00321,CENTRAL JAIL
S,SBPDCL,SC08,BHAGALPUR,SD022,BHAGALPUR(U),SSD0063,TILKAMANJHI,SP00322,CS
S,SBPDCL,SC08,BHAGALPUR,SD022,BHAGALPUR(U),SSD0064,NATHNAGAR,SP00323,NATHNAGAR
S,SBPDCL,SC08,BHAGALPUR,SD022,BHAGALPUR(U),SSD0065,MUZAHIDPUR,SP00324,ALIGANJ PSS
S,SBPDCL,SC08,BHAGALPUR,SD022,BHAGALPUR(U),SSD0065,MUZAHIDPUR,SP00325,MUZAHIDPUR
S,SBPDCL,SC08,BHAGALPUR,SD022,BHAGALPUR(U),SSD0065,MUZAHIDPUR,SP00326,TTC
S,SBPDCL,SC08,BHAGALPUR,SD023,BHAGALPUR(E),SSD0066,ALGANJ,SP00327,JAGDISHPUR
S,SBPDCL,SC08,BHAGALPUR,SD023,BHAGALPUR(E),SSD0066,ALGANJ,SP00328,SABOUR
S,SBPDCL,SC08,BHAGALPUR,SD023,BHAGALPUR(E),SSD0066,ALGANJ,SP00329,GORADIH
S,SBPDCL,SC08,BHAGALPUR,SD023,BHAGALPUR(E),SSD0067,KAHALGAON,SP00330,PIRPAINTI
S,SBPDCL,SC08,BHAGALPUR,SD023,BHAGALPUR(E),SSD0067,KAHALGAON,SP00331,SANHAULA
S,SBPDCL,SC08,BHAGALPUR,SD023,BHAGALPUR(E),SSD0067,KAHALGAON,SP00332,BHADER
S,SBPDCL,SC08,BHAGALPUR,SD023,BHAGALPUR(E),SSD0067,KAHALGAON,SP00333,PAKARTALLA
S,SBPDCL,SC08,BHAGALPUR,SD024,BANKA,SSD0068,BANKA,SP00334,BANKA
S,SBPDCL,SC08,BHAGALPUR,SD024,BANKA,SSD0068,BANKA,SP00335,BARAHAT
S,SBPDCL,SC08,BHAGALPUR,SD024,BANKA,SSD0068,BANKA,SP00336,BOUNSI
S,SBPDCL,SC08,BHAGALPUR,SD024,BANKA,SSD0068,BANKA,SP00337,KATORIA
S,SBPDCL,SC08,BHAGALPUR,SD024,BANKA,SSD0068,BANKA,SP00338,CHANDAN
S,SBPDCL,SC08,BHAGALPUR,SD024,BANKA,SSD0068,BANKA,SP00339,DHURIYA
S,SBPDCL,SC08,BHAGALPUR,SD024,BANKA,SSD0068,BANKA,SP00340,NEHRU COLONY
S,SBPDCL,SC08,BHAGALPUR,SD024,BANKA,SSD0069,KATORIYA,SP00341,BELHAR
S,SBPDCL,SC09,MUNGER,SD025,MUNGER,SSD0070,MUNGER,SP00342,NANDLALPUR
S,SBPDCL,SC09,MUNGER,SD025,MUNGER,SSD0070,MUNGER,SP00343,SHANKARPUR
S,SBPDCL,SC09,MUNGER,SD025,MUNGER,SSD0070,MUNGER,SP00344,BALIYA
S,SBPDCL,SC09,MUNGER,SD025,MUNGER,SSD0070,MUNGER,SP00345,"MANSI, KHAGARIA"
S,SBPDCL,SC09,MUNGER,SD025,MUNGER,SSD0070,MUNGER,SP00346,LALDARWAZA
S,SBPDCL,SC09,MUNGER,SD025,MUNGER,SSD0071,JAMALPUR,SP00347,DHARHARA 
S,SBPDCL,SC09,MUNGER,SD025,MUNGER,SSD0071,JAMALPUR,SP00348,DAKRANALA
S,SBPDCL,SC09,MUNGER,SD025,MUNGER,SSD0071,JAMALPUR,SP00349,SAFIYABAD   
S,SBPDCL,SC09,MUNGER,SD025,MUNGER,SSD0071,JAMALPUR,SP00350,BARIYARPUR 
S,SBPDCL,SC09,MUNGER,SD025,MUNGER,SSD0071,JAMALPUR,SP00351,MAHESH KHUT PSS
S,SBPDCL,SC09,MUNGER,SD025,MUNGER,SSD0071,JAMALPUR,SP00352,PIPRA
S,SBPDCL,SC09,MUNGER,SD025,MUNGER,SSD0071,JAMALPUR,SP00353,GARHIRAMPUR
S,SBPDCL,SC09,MUNGER,SD025,MUNGER,SSD0071,JAMALPUR,SP00354,SAKHOL
S,SBPDCL,SC09,MUNGER,SD025,MUNGER,SSD0072,TARAPUR,SP00355,TARAPUR 
S,SBPDCL,SC09,MUNGER,SD025,MUNGER,SSD0072,TARAPUR,SP00356,ASARGANJ 
S,SBPDCL,SC09,MUNGER,SD025,MUNGER,SSD0072,TARAPUR,SP00357,SANGRAMPUR
S,SBPDCL,SC09,MUNGER,SD025,MUNGER,SSD0072,TARAPUR,SP00358,BADHONIA
S,SBPDCL,SC09,MUNGER,SD025,MUNGER,SSD0073,KHARAGPUR,SP00359,KHRAGPUR 
S,SBPDCL,SC09,MUNGER,SD025,MUNGER,SSD0073,KHARAGPUR,SP00360,TETIA BAMBER 
S,SBPDCL,SC09,MUNGER,SD025,MUNGER,SSD0073,KHARAGPUR,SP00361,BANHARA
S,SBPDCL,SC09,MUNGER,SD025,MUNGER,SSD0073,KHARAGPUR,SP00362,BAGESWARI
S,SBPDCL,SC09,MUNGER,SD026,LAKHISARAI,SSD0074,LAKHISARAI,SP00363,KARYANAND NAGAR/PURANI BAZAR
S,SBPDCL,SC09,MUNGER,SD026,LAKHISARAI,SSD0074,LAKHISARAI,SP00364,COURT AREA 
S,SBPDCL,SC09,MUNGER,SD026,LAKHISARAI,SSD0074,LAKHISARAI,SP00365,AURE PSS 
S,SBPDCL,SC09,MUNGER,SD026,LAKHISARAI,SSD0074,LAKHISARAI,SP00366,NERI
S,SBPDCL,SC09,MUNGER,SD026,LAKHISARAI,SSD0074,LAKHISARAI,SP00367,RAMCHANDARPUR
S,SBPDCL,SC09,MUNGER,SD026,LAKHISARAI,SSD0074,LAKHISARAI,SP00368,MANANPUR
S,SBPDCL,SC09,MUNGER,SD026,LAKHISARAI,SSD0074,LAKHISARAI,SP00369,LAHUARA
S,SBPDCL,SC09,MUNGER,SD026,LAKHISARAI,SSD0074,LAKHISARAI,SP00370,KAINDI
S,SBPDCL,SC09,MUNGER,SD026,LAKHISARAI,SSD0074,LAKHISARAI,SP00371,NUNGARH
S,SBPDCL,SC09,MUNGER,SD026,LAKHISARAI,SSD0074,LAKHISARAI,SP00372,KHUTHA
S,SBPDCL,SC09,MUNGER,SD026,LAKHISARAI,SSD0075,SURAJGARAHA,SP00373,HAIWATGANJ 
S,SBPDCL,SC09,MUNGER,SD026,LAKHISARAI,SSD0075,SURAJGARAHA,SP00374,SALEMPUR 
S,SBPDCL,SC09,MUNGER,SD026,LAKHISARAI,SSD0075,SURAJGARAHA,SP00375,ABHAIPUR
S,SBPDCL,SC09,MUNGER,SD026,LAKHISARAI,SSD0075,SURAJGARAHA,SP00376,SHAMHO
S,SBPDCL,SC09,MUNGER,SD026,LAKHISARAI,SSD0075,SURAJGARAHA,SP00377,KAJRA
S,SBPDCL,SC09,MUNGER,SD026,LAKHISARAI,SSD0076,BARAHIYA,SP00378,BIRUPUR
S,SBPDCL,SC09,MUNGER,SD026,LAKHISARAI,SSD0076,BARAHIYA,SP00379,BARHAIYA 
S,SBPDCL,SC09,MUNGER,SD026,LAKHISARAI,SSD0076,BARAHIYA,SP00380,PRATAPPUR  
S,SBPDCL,SC10,JAMUI,SD027,SHEIKHPURA,SSD0077,SHEIKHPURA,SP00381,SHEIKHPURA
S,SBPDCL,SC10,JAMUI,SD027,SHEIKHPURA,SSD0077,SHEIKHPURA,SP00382,VERMA    
S,SBPDCL,SC10,JAMUI,SD027,SHEIKHPURA,SSD0077,SHEIKHPURA,SP00383,ARIYARI
S,SBPDCL,SC10,JAMUI,SD027,SHEIKHPURA,SSD0077,SHEIKHPURA,SP00384,LOHAN  
S,SBPDCL,SC10,JAMUI,SD027,SHEIKHPURA,SSD0077,SHEIKHPURA,SP00385,BHALUA 
S,SBPDCL,SC10,JAMUI,SD027,SHEIKHPURA,SSD0077,SHEIKHPURA,SP00386,KATARI  
S,SBPDCL,SC10,JAMUI,SD027,SHEIKHPURA,SSD0077,SHEIKHPURA,SP00387,HATHIYAMA
S,SBPDCL,SC10,JAMUI,SD027,SHEIKHPURA,SSD0077,SHEIKHPURA,SP00388,CHEWARA   
S,SBPDCL,SC10,JAMUI,SD027,SHEIKHPURA,SSD0078,BARBIGHA,SP00389,ONAMA        
S,SBPDCL,SC10,JAMUI,SD027,SHEIKHPURA,SSD0078,BARBIGHA,SP00390,TOYGHAR
S,SBPDCL,SC10,JAMUI,SD027,SHEIKHPURA,SSD0078,BARBIGHA,SP00391,MEHUS
S,SBPDCL,SC10,JAMUI,SD027,SHEIKHPURA,SSD0078,BARBIGHA,SP00392,HAIDARCHAK  
S,SBPDCL,SC10,JAMUI,SD027,SHEIKHPURA,SSD0078,BARBIGHA,SP00393,MIRZAPUR 
S,SBPDCL,SC10,JAMUI,SD028,JAMUI,SSD0079,JAMUI,SP00394,JAMUI
S,SBPDCL,SC10,JAMUI,SD028,JAMUI,SSD0079,JAMUI,SP00395,KHAIRA 
S,SBPDCL,SC10,JAMUI,SD028,JAMUI,SSD0079,JAMUI,SP00396,LAKASHIMIPUR
S,SBPDCL,SC10,JAMUI,SD028,JAMUI,SSD0079,JAMUI,SP00397,GIDHOUR
S,SBPDCL,SC10,JAMUI,SD028,JAMUI,SSD0079,JAMUI,SP00398,33/11 KV PSS MANGOBANDAR
S,SBPDCL,SC10,JAMUI,SD028,JAMUI,SSD0080,JHAJHA,SP00399,SONO 
S,SBPDCL,SC10,JAMUI,SD028,JAMUI,SSD0080,JHAJHA,SP00400,CHAKAI-1 
S,SBPDCL,SC10,JAMUI,SD028,JAMUI,SSD0080,JHAJHA,SP00401,CHAKAI-2
S,SBPDCL,SC10,JAMUI,SD028,JAMUI,SSD0081,SIKANDRA,SP00402,SIKANDRA
S,SBPDCL,SC10,JAMUI,SD028,JAMUI,SSD0081,SIKANDRA,SP00403,ALIGANJ 
S,SBPDCL,SC10,JAMUI,SD028,JAMUI,SSD0082,GIDDHAUR,SP00404,BARHAT
S,SBPDCL,SC01,PESU(W),SD029,KHAGAUL,SSD0083,PHULWARISHARIF,SP00405,WALMI
S,SBPDCL,SC01,PESU(W),SD029,KHAGAUL,SSD0083,PHULWARISHARIF,SP00406,PHULWARI
S,SBPDCL,SC03,ARA,SD030,JAGDISHPUR,SSD0084,JAGDISHPUR,SP00407, SAHPUR 
S,SBPDCL,SC03,ARA,SD030,JAGDISHPUR,SSD0084,JAGDISHPUR,SP00408,JAGDISPUR
S,SBPDCL,SC03,ARA,SD030,JAGDISHPUR,SSD0084,JAGDISHPUR,SP00409,DULHINGANJ
S,SBPDCL,SC03,ARA,SD030,JAGDISHPUR,SSD0085,PIRO,SP00410, TARARI 
S,SBPDCL,SC03,ARA,SD030,JAGDISHPUR,SSD0085,PIRO,SP00411,PIRO
S,SBPDCL,SC03,ARA,SD030,JAGDISHPUR,SSD0085,PIRO,SP00412,CHARPOKHARI
S,SBPDCL,SC03,ARA,SD030,JAGDISHPUR,SSD0085,PIRO,SP00413,KATARIYA
S,SBPDCL,SC03,ARA,SD030,JAGDISHPUR,SSD0085,PIRO,SP00414,DOMEN DIHRA
S,SBPDCL,SC03,ARA,SD030,JAGDISHPUR,SSD0086,GARHANI,SP00415,SAHAR
S,SBPDCL,SC03,ARA,SD030,JAGDISHPUR,SSD0086,GARHANI,SP00416,AZIMABAD
S,SBPDCL,SC07,AURANGABAD,SD031,DAUDNAGAR,SSD0087,DAUDNAGAR,SP00417,OBRA
S,SBPDCL,SC07,AURANGABAD,SD031,DAUDNAGAR,SSD0087,DAUDNAGAR,SP00418,DAUDNAGAR 
S,SBPDCL,SC07,AURANGABAD,SD031,DAUDNAGAR,SSD0088,GOH,SP00419,GOH 
S,SBPDCL,SC07,AURANGABAD,SD031,DAUDNAGAR,SSD0088,GOH,SP00420,HASPURA 
S,SBPDCL,SC07,AURANGABAD,SD031,DAUDNAGAR,SSD0089,RAFIGANJ,SP00421,RAFIGANJ 
S,SBPDCL,SC08,BHAGALPUR,SD032,NAUGACHIA,SSD0090,NAUGACHIA,SP00422,MAKANPUR
S,SBPDCL,SC08,BHAGALPUR,SD032,NAUGACHIA,SSD0090,NAUGACHIA,SP00423,RANGRA
S,SBPDCL,SC08,BHAGALPUR,SD032,NAUGACHIA,SSD0090,NAUGACHIA,SP00424,ISMAILPUR PSS
S,SBPDCL,SC08,BHAGALPUR,SD032,NAUGACHIA,SSD0090,NAUGACHIA,SP00425,NAGARAH
S,SBPDCL,SC08,BHAGALPUR,SD032,NAUGACHIA,SSD0091,BIHPUR,SP00426,BIHPUR
S,SBPDCL,SC08,BHAGALPUR,SD032,NAUGACHIA,SSD0091,BIHPUR,SP00427,NARAYANPUR
S,SBPDCL,SC08,BHAGALPUR,SD032,NAUGACHIA,SSD0091,BIHPUR,SP00428,KHARIK PSS
S,SBPDCL,SC06,GAYA,SD033,MANPUR,SSD0092,MANPUR,SP00429,MANPUR
S,SBPDCL,SC06,GAYA,SD033,MANPUR,SSD0092,MANPUR,SP00430,GERE
S,SBPDCL,SC06,GAYA,SD033,MANPUR,SSD0092,MANPUR,SP00431,AMRA
S,SBPDCL,SC06,GAYA,SD033,MANPUR,SSD0092,MANPUR,SP00432,PAIMAR
S,SBPDCL,SC06,GAYA,SD033,MANPUR,SSD0093,WAZIRGANJ,SP00433,WAZIRGANJ
S,SBPDCL,SC06,GAYA,SD033,MANPUR,SSD0093,WAZIRGANJ,SP00434,FATEHPUR
S,SBPDCL,SC06,GAYA,SD033,MANPUR,SSD0093,WAZIRGANJ,SP00435,TANKUPPA
S,SBPDCL,SC06,GAYA,SD033,MANPUR,SSD0093,WAZIRGANJ,SP00436,MOHRA
S,SBPDCL,SC06,GAYA,SD033,MANPUR,SSD0094,KHIZARSARAI,SP00437,KHIZARSARAI
S,SBPDCL,SC06,GAYA,SD033,MANPUR,SSD0094,KHIZARSARAI,SP00438,NAUGHAR
S,SBPDCL,SC06,GAYA,SD033,MANPUR,SSD0094,KHIZARSARAI,SP00439,ATRI
S,SBPDCL,SC06,GAYA,SD033,MANPUR,SSD0094,KHIZARSARAI,SP00440,NEEMCHAKBATHANI
S,SBPDCL,SC08,BHAGALPUR,SD034,AMARPUR,SSD0095,AMARPUR,SP00441,AMARPUR
S,SBPDCL,SC08,BHAGALPUR,SD034,AMARPUR,SSD0095,AMARPUR,SP00442,RAJOUN
S,SBPDCL,SC08,BHAGALPUR,SD034,AMARPUR,SSD0095,AMARPUR,SP00443,SAMBHUGANJ
S,SBPDCL,SC08,BHAGALPUR,SD034,AMARPUR,SSD0095,AMARPUR,SP00444,FULLIDUMER
S,SBPDCL,SC08,BHAGALPUR,SD034,AMARPUR,SSD0095,AMARPUR,SP00445,LAXMIPUR CHIRAIYA
S,SBPDCL,SC08,BHAGALPUR,SD034,AMARPUR,SSD0096,RAJAUN,SP00446,SAKAHARA
S,SBPDCL,SC04,BIHARSARIF,SD035,RAJAULI,SSD0033,RAJAULI,SP00447,BAREO
